ticker,name
AA,Alcoa
AAC,Ares
AACG,ATA
AACIU,Armada
AAIC,Arlington
AAIC^B,Arlington
AAIC^C,Arlington
AAIN,Arlington
AAL,American
AAMC,Altisource
AAME,Atlantic
AAN,Aarons
AAOI,Applied
AAON,AAON
AAP,Advance
AAPL,Apple
AAQC,Accelerate
AAT,American
AATC,Autoscope
AAU,Almaden
AAWW,Atlas
AB,AllianceBernstein
ABB,ABB
ABBV,AbbVie
ABC,AmerisourceBergen
ABCB,Ameris
ABCL,AbCellera
ABCM,Abcam
ABEO,Abeona
ABEV,Ambev
ABG,Asbury
ABGI,ABG
ABIO,ARCA
ABM,ABM
ABMD,ABIOMED
ABNB,Airbnb
ABOS,Acumen
ABR,Arbor
ABR^D,Arbor
ABR^E,Arbor
ABSI,Absci
ABST,Absolute
ABT,Abbott
ABTX,Allegiance
ABUS,Arbutus
ABVC,ABVC
AC,Associated
ACA,Arcosa
ACAD,ACADIA
ACAH,Atlantic
ACAHU,Atlantic
ACAHW,Atlantic
ACB,Aurora
ACBA,Ace
ACBAU,Ace
ACBAW,Ace
ACBI,Atlantic
ACC,American
ACCD,Accolade
ACCO,Acco
ACEL,Accel
ACER,Acer
ACET,Adicet
ACEV,ACE
ACEVU,ACE
ACEVW,ACE
ACGL,Arch
ACGLN,Arch
ACGLO,Arch
ACGLP,Arch
ACH,Aluminum
ACHC,Acadia
ACHL,Achilles
ACHV,Achieve
ACI,Albertsons
ACIC,Atlas
ACII,Atlas
ACIU,AC
ACIW,ACI
ACKIT,Ackrell
ACKIU,Ackrell
ACKIW,Ackrell
ACLS,Axcelis
ACM,AECOM
ACMR,ACM
ACN,Accenture
ACNB,ACNB
ACOR,Acorda
ACP,Aberdeen
ACP^A,Aberdeen
ACQR,Independence
ACQRU,Independence
ACQRW,Independence
ACR,ACRES
ACR^C,ACRES
ACR^D,ACRES
ACRE,Ares
ACRS,Aclaris
ACRX,AcelRx
ACST,Acasti
ACTD,ArcLight
ACTDU,ArcLight
ACTDW,ArcLight
ACTG,Acacia
ACU,Acme
ACV,Virtus
ACVA,ACV
ACXP,Acurx
ACY,AeroCentury
ADAG,Adagene
ADAP,Adaptimmune
ADBE,Adobe
ADC,Agree
ADCT,ADC
ADER,26
ADERU,26
ADERW,26
ADES,Advanced
ADEX,Adit
ADF,Aldel
ADFI,Anfield
ADGI,Adagio
ADI,Analog
ADIL,Adial
ADILW,Adial
ADM,Archer-Daniels-Midland
ADMA,ADMA
ADME,Aptus
ADMP,Adamis
ADMS,Adamas
ADN,Advent
ADNT,Adient
ADNWW,Advent
ADOC,Edoc
ADOCR,Edoc
ADOCW,Edoc
ADP,Automatic
ADPT,Adaptive
ADRA,Adara
ADS,Alliance
ADSK,Autodesk
ADT,ADT
ADTN,ADTRAN
ADTX,Aditxt
ADUS,Addus
ADV,Advantage
ADVM,Adverum
ADVWW,Advantage
ADX,Adams
ADXN,Addex
ADXS,Advaxis
AE,Adams
AEAC,Authentic
AEACU,Authentic
AEACW,Authentic
AEB,AEGON
AEE,Ameren
AEF,Aberdeen
AEFC,Aegon
AEG,AEGON
AEHL,Antelope
AEHR,Aehr
AEI,Alset
AEIS,Advanced
AEL,American
AEL^A,American
AEL^B,American
AEM,Agnico
AEMD,Aethlon
AENZ,Aenza
AEO,American
AEP,American
AEPPL,American
AEPPZ,American
AER,AerCap
AERI,Aerie
AES,The
AESC,The
AESE,Allied
AESR,Anfield
AEVA,Aeva
AEY,ADDvantage
AEYE,AudioEye
AEZS,Aeterna
AFAQ,AF
AFAQU,AF
AFAQW,AF
AFB,AllianceBernstein
AFBI,Affinity
AFCG,AFC
AFG,American
AFGB,American
AFGC,American
AFGD,American
AFGE,American
AFI,Armstrong
AFIB,Acutus
AFIN,American
AFINO,American
AFINP,American
AFL,AFLAC
AFMD,Affimed
AFRM,Affirm
AFT,Apollo
AFYA,Afya
AG,First
AGAC,African
AGBAR,AGBA
AGBAU,AGBA
AGBAW,AGBA
AGC,Altimeter
AGCB,Altimeter
AGCO,AGCO
AGCUU,Altimeter
AGCWW,Altimeter
AGD,Aberdeen
AGE,AgeX
AGEN,Agenus
AGFS,AgroFresh
AGFY,Agrify
AGGR,Agile
AGGRU,Agile
AGGRW,Agile
AGI,Alamos
AGIO,Agios
AGL,agilon
AGLE,Aeglea
AGM,Federal
AGM^C,Federal
AGM^D,Federal
AGM^E,Federal
AGM^F,Federal
AGM^G,Federal
AGMH,AGM
AGNC,AGNC
AGNCM,AGNC
AGNCN,AGNC
AGNCO,AGNC
AGNCP,AGNC
AGO,Assured
AGO^E,Assured
AGO^F,Assured
AGR,Avangrid
AGRI,AgriFORCE
AGRIW,AgriFORCE
AGRO,Adecoagro
AGRX,Agile
AGS,PlayAGS
AGTC,Applied
AGTI,Agiliti
AGX,Argan
AGYS,Agilysys
AHAC,Alpha
AHACU,Alpha
AHACW,Alpha
AHCO,AdaptHealth
AHH,Armada
AHH^A,Armada
AHL^C,Aspen
AHL^D,Aspen
AHL^E,Aspen
AHPAU,Avista
AHPI,Allied
AHT,Ashford
AHT^D,Ashford
AHT^F,Ashford
AHT^G,Ashford
AHT^H,Ashford
AHT^I,Ashford
AI,C3.ai
AIC,Arlington
AIF,Apollo
AIG,American
AIG^A,American
AIH,Aesthetic
AIHS,Senmiao
AIKI,AIkido
AIM,AIM
AIMC,Altra
AIN,Albany
AINC,Ashford
AINV,Apollo
AIO,Virtus
AIR,AAR
AIRC,Apartment
AIRG,Airgain
AIRI,Air
AIRT,Air
AIRTP,Air
AIRTW,Air
AIT,Applied
AIV,Apartment
AIZ,Assurant
AIZN,Assurant
AJAX,Ajax
AJG,Arthur
AJRD,Aerojet
AJX,Great
AJXA,Great
AKAM,Akamai
AKBA,Akebia
AKIC,Sports
AKICU,Sports
AKICW,Sports
AKO/A,Embotelladora
AKO/B,Embotelladora
AKR,Acadia
AKRO,Akero
AKTS,Akoustis
AKTX,Akari
AKU,Akumin
AKUS,Akouos
AKYA,Akoya
AL,Air
AL^A,Air
ALAC,Alberton
ALACR,Alberton
ALACW,Alberton
ALB,Albemarle
ALBO,Albireo
ALC,Alcon
ALCC,AltC
ALCO,Alico
ALDX,Aldeyra
ALE,Allete
ALEC,Alector
ALEX,Alexander
ALF,ALFI
ALFIW,ALFI
ALG,Alamo
ALGM,Allegro
ALGN,Align
ALGS,Aligos
ALGT,Allegiant
ALHC,Alignment
ALIM,Alimera
ALIN^A,Altera
ALIN^B,Altera
ALIN^E,Altera
ALIT,Alight
ALJJ,ALJ
ALK,Alaska
ALKS,Alkermes
ALKT,Alkami
ALL,Allstate
ALL^B,Allstate
ALL^G,Allstate
ALL^H,Allstate
ALL^I,Allstate
ALLE,Allegion
ALLK,Allakos
ALLO,Allogene
ALLT,Allot
ALLY,Ally
ALLY^A,GMAC
ALNA,Allena
ALNY,Alnylam
ALOT,AstroNova
ALP^Q,Alabama
ALPAU,Alpha
ALPN,Alpine
ALRM,Alarm.com
ALRN,Aileron
ALRS,Alerus
ALSN,Allison
ALT,Altimmune
ALTA,Altabancorp
ALTG,Alta
ALTG^A,Alta
ALTM,Altus
ALTO,Alto
ALTR,Altair
ALTU,Altitude
ALTUU,Altitude
ALTUW,Altitude
ALV,Autoliv
ALVR,AlloVir
ALX,Alexander's
ALXO,ALX
ALYA,Alithya
ALZN,Alzamend
AM,Antero
AMAL,Amalgamated
AMAM,Ambrx
AMAO,American
AMAOU,American
AMAOW,American
AMAT,Applied
AMBA,Ambarella
AMBC,Ambac
AMBO,Ambow
AMBP,Ardagh
AMC,AMC
AMCIU,AMCI
AMCR,Amcor
AMCX,AMC
AMD,Advanced
AME,AMETEK
AMED,Amedisys
AMEH,Apollo
AMER,Emles
AMG,Affiliated
AMGN,Amgen
AMH,American
AMH^F,American
AMH^G,American
AMH^H,American
AMHC,Amplitude
AMHCW,Amplitude
AMK,AssetMark
AMKR,Amkor
AMN,AMN
AMNB,American
AMOT,Allied
AMOV,America
AMP,Ameriprise
AMPE,Ampio
AMPG,Amplitech
AMPGW,Amplitech
AMPH,Amphastar
AMPI,Advanced
AMPY,Amplify
AMR,Alpha
AMRC,Ameresco
AMRK,A-Mark
AMRN,Amarin
AMRS,Amyris
AMRX,Amneal
AMS,American
AMSC,American
AMSF,AMERISAFE
AMST,Amesite
AMSWA,American
AMT,American
AMTB,Amerant
AMTBB,Amerant
AMTI,Applied
AMTX,Aemetis
AMWD,American
AMWL,American
AMX,America
AMYT,Amryt
AMZN,Amazon.com
AN,AutoNation
ANAB,AnaptysBio
ANAC,Arctos
ANAT,American
ANDE,Andersons
ANEB,Anebulo
ANET,Arista
ANF,Abercrombie
ANGI,Angi
ANGN,Angion
ANGO,AngioDynamics
ANIK,Anika
ANIP,ANI
ANIX,Anixa
ANNX,Annexon
ANPC,AnPac
ANSS,ANSYS
ANTE,AirNet
ANTM,Anthem
ANVS,Annovis
ANY,Sphere
ANZU,Anzu
ANZUU,Anzu
ANZUW,Anzu
AOD,Aberdeen
AOMR,Angel
AON,Aon
AOS,A.O.
AOSL,Alpha
AOUT,American
AP,Ampco-Pittsburgh
APA,APA
APACU,StoneBridge
APAM,Artisan
APD,Air
APDN,Applied
APEI,American
APEN,Apollo
APG,APi
APGB,Apollo
APH,Amphenol
API,Agora
APLE,Apple
APLS,Apellis
APLT,Applied
APM,Aptorum
APMIU,AxonPrime
APO,Apollo
APO^A,Apollo
APO^B,Apollo
APOG,Apogee
APOP,Cellect
APP,Applovin
APPF,AppFolio
APPH,AppHarvest
APPHW,AppHarvest
APPN,Appian
APPS,Digital
APR,Apria
APRE,Aprea
APRN,Blue
APRZ,Trust
APSG,Apollo
APT,Alpha
APTMU,Alpha
APTO,Aptose
APTS,Preferred
APTV,Aptiv
APTV^A,Aptiv
APTX,Aptinyx
APVO,Aptevo
APWC,Asia
APYX,Apyx
AQB,AquaBounty
AQMS,Aqua
AQN,Algonquin
AQNA,Algonquin
AQNB,Algonquin
AQNU,Algonquin
AQST,Aquestive
AQUA,Evoqua
AR,Antero
ARAV,Aravive
ARAY,Accuray
ARBG,Aequi
ARBGU,Aequi
ARBGW,Aequi
ARC,ARC
ARCB,ArcBest
ARCC,Ares
ARCE,Arco
ARCH,Arch
ARCO,Arcos
ARCT,Arcturus
ARD,Ardagh
ARDC,Ares
ARDS,Aridis
ARDX,Ardelyx
ARE,Alexandria
AREC,American
ARES,Ares
ARGD,Argo
ARGO,Argo
ARGO^A,Argo
ARGX,argenx
ARI,Apollo
ARKO,ARKO
ARKOW,ARKO
ARKR,Ark
ARKX,ARK
ARL,American
ARLO,Arlo
ARLP,Alliance
ARMK,Aramark
ARMP,Armata
ARNA,Arena
ARNC,Arconic
AROC,Archrock
AROW,Arrow
ARPO,Aerpio
ARQT,Arcutis
ARR,ARMOUR
ARR^C,ARMOUR
ARRW,Arrowroot
ARRWU,Arrowroot
ARRWW,Arrowroot
ARRY,Array
ARTA,Artisan
ARTAU,Artisan
ARTAW,Artisan
ARTL,Artelo
ARTLW,Artelo
ARTNA,Artesian
ARTW,Art's-Way
ARVL,Arrival
ARVN,Arvinas
ARW,Arrow
ARWR,Arrowhead
ARYD,ARYA
ARYE,ARYA
ASA,ASA
ASAI,Sendas
ASAN,Asana
ASAQ,Atlantic
ASAX,Astrea
ASAXU,Astrea
ASAXW,Astrea
ASB,Associated
ASB^D,Associated
ASB^E,Associated
ASB^F,Associated
ASC,Ardmore
ASG,Liberty
ASGI,Aberdeen
ASGN,ASGN
ASH,Ashland
ASIX,AdvanSix
ASLE,AerSale
ASLEW,AerSale
ASLN,ASLAN
ASM,Avino
ASMB,Assembly
ASML,ASML
ASND,Ascendis
ASO,Academy
ASPAU,Abri
ASPC,Alpha
ASPCU,Alpha
ASPN,Aspen
ASPS,Altisource
ASPU,Aspen
ASR,Grupo
ASRT,Assertio
ASRV,AmeriServ
ASRVP,AmeriServ
ASTC,Astrotech
ASTE,Astec
ASTR,Astra
ASTRW,Astra
ASTS,AST
ASTSW,AST
ASUR,Asure
ASX,ASE
ASXC,Asensus
ASYS,Amtech
ASZ,Austerlitz
ATA,Americas
ATAI,ATAI
ATAQ,Altimar
ATAX,America
ATC,Atotech
ATCO,Atlas
ATCO^D,Atlas
ATCO^H,Atlas
ATCO^I,Atlas
ATCOL,Atlas
ATCX,Atlas
ATEC,Alphatec
ATEN,A10
ATER,Aterian
ATEX,Anterix
ATGE,Adtalem
ATH,Athene
ATH^A,Athene
ATH^B,Athene
ATH^C,Athene
ATH^D,Athene
ATHA,Athira
ATHE,Alterity
ATHM,Autohome
ATHN,Athena
ATHX,Athersys
ATI,Allegheny
ATIF,ATIF
ATIP,ATI
ATKR,Atkore
ATLC,Atlanticus
ATLCP,Atlanticus
ATLO,Ames
ATMR,Altimar
ATNF,180
ATNFW,180
ATNI,ATN
ATNM,Actinium
ATNX,Athenex
ATO,Atmos
ATOM,Atomera
ATOS,Atossa
ATR,AptarGroup
ATRA,Atara
ATRC,AtriCure
ATRI,Atrion
ATRO,Astronics
ATRS,Antares
ATSG,Air
ATSPT,Archimedes
ATSPU,Archimedes
ATSPW,Archimedes
ATTO,Atento
ATUS,Altice
ATVC,Tribe
ATVCU,Tribe
ATVCW,Tribe
ATVI,Activision
ATXI,Avenue
ATY,AcuityAds
AU,AngloGold
AUB,Atlantic
AUBAP,Atlantic
AUBN,Auburn
AUD,Audacy
AUDC,AudioCodes
AUGZ,TrueShares
AUID,Ipsidy
AUMN,Golden
AUPH,Aurinia
AURC,Aurora
AURCU,Aurora
AURCW,Aurora
AUS,Austerlitz
AUTL,Autolus
AUTO,AutoWeb
AUUD,Auddia
AUUDW,Auddia
AUVI,Applied
AUVIP,Applied
AUY,Yamana
AVA,Avista
AVAH,Aveanna
AVAL,Grupo
AVAN,Avanti
AVAV,AeroVironment
AVB,AvalonBay
AVCO,Avalon
AVCT,American
AVCTW,American
AVD,American
AVDG,AVDR
AVDL,Avadel
AVDR,AVDR
AVEO,AVEO
AVGO,Broadcom
AVGOP,Broadcom
AVGR,Avinger
AVID,Avid
AVIR,Atea
AVK,Advent
AVLR,Avalara
AVNS,Avanos
AVNT,Avient
AVNW,Aviat
AVO,Mission
AVPT,AvePoint
AVPTW,AvePoint
AVRO,AVROBIO
AVT,Avnet
AVTE,Aerovate
AVTR,Avantor
AVTR^A,Avantor
AVXL,Anavex
AVY,Avery
AVYA,Avaya
AWF,Alliancebernstein
AWH,Aspira
AWI,Armstrong
AWK,American
AWP,Aberdeen
AWR,American
AWRE,Aware
AWX,Avalon
AX,Axos
AXDX,Accelerate
AXGN,Axogen
AXL,American
AXLA,Axcella
AXNX,Axonics
AXON,Axon
AXP,American
AXR,AMREP
AXS,Axis
AXS^E,Axis
AXSM,Axsome
AXTA,Axalta
AXTI,AXT
AXU,Alexco
AY,Atlantica
AYI,Acuity
AYLA,Ayala
AYRO,AYRO
AYTU,Aytu
AYX,Alteryx
AZEK,The
AZN,AstraZeneca
AZO,AutoZone
AZPN,Aspen
AZRE,Azure
AZRX,AzurRx
AZUL,Azul
AZYO,Aziyo
AZZ,AZZ
B,Barnes
BA,Boeing
BABA,Alibaba
BAC,Bank
BAC^B,Bank
BAC^E,Bank
BAC^K,Bank
BAC^L,Bank
BAC^M,Bank
BAC^N,Bank
BAC^O,Bank
BAC^P,Bank
BAH,Booz
BAK,Braskem
BALT,Innovator
BALY,Bally's
BAM,Brookfield
BAMH,Brookfield
BAMI,Brookfield
BAMR,Brookfield
BANC,Banc
BANC^E,Banc
BAND,Bandwidth
BANF,BancFirst
BANFP,BancFirst
BANR,Banner
BANX,StoneCastle
BAOS,Baosheng
BAP,Credicorp
BARK,The
BASE,Couchbase
BATL,Battalion
BATRA,Liberty
BATRK,Liberty
BAX,Baxter
BB,BlackBerry
BBAR,Banco
BBBY,Bed
BBCP,Concrete
BBD,Banco
BBDC,Barings
BBDO,Banco
BBGI,Beasley
BBI,Brickell
BBIG,Vinco
BBIO,BridgeBio
BBL,BHP
BBN,BlackRock
BBQ,BBQ
BBSI,Barrett
BBU,Brookfield
BBVA,Banco
BBW,Build-A-Bear
BBWI,Bath
BBY,Best
BC,Brunswick
BC^A,Brunswick
BC^B,Brunswick
BC^C,Brunswick
BCAB,BioAtla
BCAC,Brookline
BCACU,Brookline
BCACW,Brookline
BCAT,BlackRock
BCBP,BCB
BCC,Boise
BCDA,BioCardia
BCDAW,BioCardia
BCE,BCE
BCEI,Bonanza
BCEL,Atreca
BCH,Banco
BCLI,Brainstorm
BCML,BayCom
BCO,Brinks
BCOR,Blucora
BCOV,Brightcove
BCOW,1895
BCPC,Balchem
BCRX,BioCryst
BCS,Barclays
BCSF,Bain
BCTX,BriaCell
BCTXW,BriaCell
BCV,Bancroft
BCV^A,Bancroft
BCX,BlackRock
BCYC,Bicycle
BCYP,Big
BCYPU,Big
BCYPW,Big
BDC,Belden
BDJ,Blackrock
BDL,Flanigan's
BDN,Brandywine
BDR,Blonder
BDSI,BioDelivery
BDSX,Biodesix
BDTX,Black
BDX,Becton
BDXB,Becton
BE,Bloom
BEAM,Beam
BECN,Beacon
BEDU,Bright
BEEM,Beam
BEEMW,Beam
BEKE,KE
BELFA,Bel
BELFB,Bel
BEN,Franklin
BENE,Benessere
BENER,Benessere
BENEU,Benessere
BENEW,Benessere
BEP,Brookfield
BEP^A,Brookfield
BEPC,Brookfield
BEPH,Brookfield
BERY,Berry
BEST,BEST
BF/A,Brown
BF/B,Brown
BFAM,Bright
BFC,Bank
BFI,BurgerFi
BFIIW,BurgerFi
BFIN,BankFinancial
BFK,BlackRock
BFLY,Butterfly
BFRA,Biofrontera
BFS,Saul
BFS^E,Saul
BFST,Business
BFZ,BlackRock
BG,Bunge
BGB,Blackstone
BGCP,BGC
BGFV,Big
BGH,Barings
BGI,Birks
BGIO,BlackRock
BGLD,FT
BGNE,BeiGene
BGR,BlackRock
BGRY,Berkshire
BGRYW,Berkshire
BGS,B&G
BGSF,BGSF
BGSX,Build
BGT,BlackRock
BGX,Blackstone
BGY,Blackrock
BH,Biglari
BHAT,Blue
BHB,Bar
BHC,Bausch
BHE,Benchmark
BHF,Brighthouse
BHFAL,Brighthouse
BHFAN,Brighthouse
BHFAO,Brighthouse
BHFAP,Brighthouse
BHG,Bright
BHK,Blackrock
BHLB,Berkshire
BHP,BHP
BHR,Braemar
BHR^B,Braemar
BHR^D,Braemar
BHSE,Bull
BHSEU,Bull
BHSEW,Bull
BHTG,BioHiTech
BHV,BlackRock
BHVN,Biohaven
BIDU,Baidu
BIF,Boulder
BIG,Big
BIGC,BigCommerce
BIGZ,BlackRock
BIIB,Biogen
BILI,Bilibili
BILL,Bill.com
BIMI,BIMI
BIO,Bio-Rad
BIO/B,Bio-Rad
BIOC,Biocept
BIOL,Biolase
BIOT,Biotech
BIOTU,Biotech
BIOTW,Biotech
BIOX,Bioceres
BIP,Brookfield
BIP^A,Brookfield
BIP^B,Brookfield
BIPC,Brookfield
BIPH,Brookfield
BIT,BlackRock
BITE,Bite
BITF,Bitfarms
BIVI,BioVie
BJ,BJ's
BJRI,BJ's
BK,The
BKCC,BlackRock
BKD,Brookdale
BKE,Buckle
BKEP,Blueknight
BKEPP,Blueknight
BKH,Black
BKI,Black
BKN,BlackRock
BKNG,Booking
BKR,Baker
BKSC,Bank
BKT,BlackRock
BKTI,BK
BKU,BankUnited
BKYI,BIO-key
BL,BlackLine
BLBD,Blue
BLCM,Bellicum
BLCT,BlueCity
BLD,TopBuild
BLDE,Blade
BLDEW,Blade
BLDG,Cambria
BLDP,Ballard
BLDR,Builders
BLE,BlackRock
BLFS,BioLife
BLFY,Blue
BLI,Berkeley
BLIN,Bridgeline
BLK,BlackRock
BLKB,Blackbaud
BLL,Ball
BLMN,Bloomin'
BLND,Blend
BLNGU,Belong
BLNK,Blink
BLNKW,Blink
BLPH,Bellerophon
BLRX,BioLineRx
BLSA,BCLS
BLTS,Bright
BLTSU,Bright
BLTSW,Bright
BLU,BELLUS
BLUA,BlueRiver
BLUE,bluebird
BLUW,Blue
BLUWU,Blue
BLUWW,Blue
BLW,Blackrock
BLX,Banco
BMA,Banco
BMBL,Bumble
BME,Blackrock
BMEA,Biomea
BMEZ,BlackRock
BMI,Badger
BML^G,Bank
BML^H,Bank
BML^J,Bank
BML^L,Bank
BMO,Bank
BMRA,Biomerica
BMRC,Bank
BMRN,BioMarin
BMTC,Bryn
BMTX,BM
BMY,Bristol-Myers
BNED,Barnes
BNFT,Benefitfocus
BNGO,Bionano
BNGOW,Bionano
BNL,Broadstone
BNR,Burning
BNS,Bank
BNSO,Bonso
BNTC,Benitec
BNTX,BioNTech
BNY,BlackRock
BOAC,Bluescape
BOAS,BOA
BOB,Merlyn.AI
BOCH,Bank
BODY,The
BOE,Blackrock
BOH,Bank
BOH^A,Bank
BOKF,BOK
BOKFL,BOK
BOLT,Bolt
BOMN,Boston
BON,Bon
BOOM,DMC
BOOT,Boot
BORR,Borr
BOSC,B.O.S.
BOTJ,Bank
BOWX,BowX
BOWXU,BowX
BOWXW,BowX
BOX,Box
BOXL,Boxlight
BP,BP
BPMC,Blueprint
BPMP,BP
BPOP,Popular
BPOPM,Popular
BPOPN,Popular
BPRN,The
BPT,BP
BPTH,Bio-Path
BPTS,Biophytis
BPYPM,Brookfield
BPYPN,Brookfield
BPYPO,Brookfield
BPYPP,Brookfield
BQ,Boqii
BR,Broadridge
BRBR,BellRing
BRBS,Blue
BRC,Brady
BRCN,Burcon
BRDG,Bridge
BREZ,Breeze
BREZR,Breeze
BREZW,Breeze
BRFS,BRF
BRG,Bluerock
BRG^C,Bluerock
BRG^D,Bluerock
BRID,Bridgford
BRIV,B.
BRIVU,B.
BRIVW,B.
BRK/A,Berkshire
BRK/B,Berkshire
BRKL,Brookline
BRKR,Bruker
BRKS,Brooks
BRLI,Brilliant
BRLIR,Brilliant
BRLIU,Brilliant
BRLIW,Brilliant
BRMK,Broadmark
BRN,Barnwell
BRO,Brown
BROG,Brooge
BROGW,Brooge
BRP,BRP
BRPM,B.
BRPMU,B.
BRPMW,B.
BRQS,Borqs
BRSP,BrightSpire
BRT,BRT
BRW,Saba
BRX,Brixmor
BRY,Berry
BSA,BrightSphere
BSAC,Banco
BSBK,Bogota
BSBR,Banco
BSET,Bassett
BSGA,Blue
BSGAR,Blue
BSGAU,Blue
BSGM,BioSig
BSIG,BrightSphere
BSKY,Big
BSKYU,Big
BSKYW,Big
BSL,Blackstone
BSM,Black
BSMX,Banco
BSN,Broadstone
BSQR,BSQUARE
BSRR,Sierra
BST,BlackRock
BSTZ,BlackRock
BSVN,Bank7
BSX,Boston
BSX^A,Boston
BSY,Bentley
BTA,BlackRock
BTAI,BioXcel
BTAQ,Burgundy
BTAQU,Burgundy
BTAQW,Burgundy
BTB,Bit
BTBT,Bit
BTCM,BIT
BTCY,Biotricity
BTG,B2Gold
BTI,British
BTN,Ballantyne
BTNB,Bridgetown
BTO,John
BTRS,BTRS
BTRSW,BTRS
BTT,BlackRock
BTTR,Better
BTU,Peabody
BTWN,Bridgetown
BTWNU,Bridgetown
BTWNW,Bridgetown
BTX,Brooklyn
BTZ,BlackRock
BUD,Anheuser-Busch
BUFD,FT
BUFF,Innovator
BUI,BlackRock
BUR,Burford
BURL,Burlington
BUSE,First
BV,BrightView
BVH,Bluegreen
BVN,Buenaventura
BVS,Bioventus
BVXV,BiondVax
BW,Babcock
BW^A,Babcock
BWA,BorgWarner
BWAC,Better
BWACU,Better
BWACW,Better
BWAY,BrainsWay
BWB,Bridgewater
BWBBP,Bridgewater
BWCAU,Blue
BWEN,Broadwind
BWFG,Bankwell
BWG,BrandywineGLOBAL
BWMN,Bowman
BWMX,Betterware
BWSN,Babcock
BWXT,BWX
BX,Blackstone
BXC,Bluelinx
BXMT,Blackstone
BXMX,Nuveen
BXP,Boston
BXRX,Baudax
BXS,BancorpSouth
BXS^A,BancorpSouth
BY,Byline
BYD,Boyd
BYFC,Broadway
BYM,Blackrock
BYND,Beyond
BYRN,Byrna
BYSI,BeyondSpring
BYTS,BYTE
BYTSU,BYTE
BZ,KANZHUN
BZH,Beazer
BZUN,Baozun
C,Citigroup
C^J,Citigroup
C^K,Citigroup
C^N,Citigroup
CAAP,Corporacion
CAAS,China
CABA,Cabaletta
CABO,Cable
CAC,Camden
CACC,Credit
CACI,CACI
CADE,Cadence
CADL,Candel
CAE,CAE
CAF,Morgan
CAG,ConAgra
CAH,Cardinal
CAHC,CA
CAHCU,CA
CAHCW,CA
CAI,CAI
CAI^A,CAI
CAI^B,CAI
CAJ,Canon
CAKE,Cheesecake
CAL,Caleres
CALA,Calithera
CALB,California
CALM,Cal-Maine
CALT,Calliditas
CALX,Calix
CAMP,CalAmp
CAMT,Camtek
CAN,Canaan
CANF,Can-Fite
CANG,Cango
CANO,Cano
CAPL,CrossAmerica
CAPR,Capricor
CAR,Avis
CARA,Cara
CARE,Carter
CARG,CarGurus
CARR,Carrier
CARS,Cars.com
CARV,Carver
CAS,Cascade
CASA,Casa
CASH,Meta
CASI,CASI
CASS,Cass
CASY,Casey's
CAT,Caterpillar
CATB,Catabasis
CATC,Cambridge
CATO,Cato
CATY,Cathay
CB,Chubb
CBAH,CBRE
CBAN,Colony
CBAT,CBAK
CBAY,CymaBay
CBB,Cincinnati
CBB^B,Cincinnati
CBD,Companhia
CBFV,CB
CBH,Virtus
CBIO,Catalyst
CBLI,Cytocom
CBMB,CBM
CBNK,Capital
CBOE,Cboe
CBRE,CBRE
CBRL,Cracker
CBSH,Commerce
CBT,Cabot
CBTG,Cabot
CBTX,CBTX
CBU,Community
CBZ,CBIZ
CC,Chemours
CCAC,CITIC
CCAP,Crescent
CCB,Coastal
CCBG,Capital
CCCC,C4
CCCS,CCC
CCD,Calamos
CCEP,Coca-Cola
CCF,Chase
CCI,Crown
CCJ,Cameco
CCK,Crown
CCL,Carnival
CCLP,CSI
CCM,Concord
CCMP,CMC
CCNC,Code
CCNE,CNB
CCNEP,CNB
CCO,Clear
CCOI,Cogent
CCRN,Cross
CCS,Century
CCU,Compania
CCV,Churchill
CCVI,Churchill
CCXI,ChemoCentryx
CCZ,Comcast
CD,Chindata
CDAK,Codiak
CDAY,Ceridian
CDE,Coeur
CDEV,Centennial
CDK,CDK
CDLX,Cardlytics
CDMO,Avid
CDNA,CareDx
CDNS,Cadence
CDOR,Condor
CDR,Cedar
CDR^B,Cedar
CDR^C,Cedar
CDTX,Cidara
CDW,CDW
CDXC,ChromaDex
CDXS,Codexis
CDZI,CADIZ
CDZIP,Cadiz
CE,Celanese
CEA,China
CECE,CECO
CEE,The
CEI,Camber
CEIX,CONSOL
CELC,Celcuity
CELH,Celsius
CELP,Cypress
CELU,Celularity
CELUW,Celularity
CEM,ClearBridge
CEMI,Chembio
CEN,Center
CENH,Centricus
CENHU,Centricus
CENHW,Centricus
CENQU,CENAQ
CENT,Central
CENTA,Central
CENX,Century
CEPU,Central
CEQP,Crestwood
CEQP^,Crestwood
CERC,Cerecor
CERE,Cerevel
CEREW,Cerevel
CERN,Cerner
CERS,Cerus
CERT,Certara
CET,Central
CETX,Cemtrex
CETXP,Cemtrex
CETXW,Cemtrex
CEV,Eaton
CEVA,CEVA
CF,CF
CFB,CrossFirst
CFBK,CF
CFCV,ClearBridge
CFFE,CF
CFFEU,CF
CFFEW,CF
CFFI,C&F
CFFN,Capitol
CFFVU,CF
CFFVW,CF
CFG,Citizens
CFG^D,Citizens
CFG^E,Citizens
CFIV,CF
CFIVU,CF
CFIVW,CF
CFLT,Confluent
CFMS,Conformis
CFR,Cullen/Frost
CFR^B,Cullen/Frost
CFRX,ContraFect
CFV,CF
CFVI,CF
CFVIU,CF
CFVIW,CF
CFX,Colfax
CFXA,Colfax
CG,The
CGA,China
CGABL,The
CGAU,Centerra
CGBD,TCG
CGC,Canopy
CGEM,Cullinan
CGEN,Compugen
CGNT,Cognyte
CGNX,Cognex
CGO,Calamos
CGRN,Capstone
CHAA,Catcha
CHAQ,Chardan
CHCI,Comstock
CHCO,City
CHCT,Community
CHD,Church
CHDN,Churchill
CHE,Chemed
CHEF,The
CHEK,Check-Cap
CHEKZ,Check-Cap
CHGG,Chegg
CHH,Choice
CHI,Calamos
CHK,Chesapeake
CHKEL,Chesapeake
CHKEW,Chesapeake
CHKEZ,Chesapeake
CHKP,Check
CHMG,Chemung
CHMI,Cherry
CHMI^A,Cherry
CHMI^B,Cherry
CHN,China
CHNG,Change
CHNGU,Change
CHNR,China
CHPM,CHP
CHPMW,CHP
CHPT,ChargePoint
CHRA,Charah
CHRS,Coherus
CHRW,C.H.
CHS,Chico's
CHSCL,CHS
CHSCM,CHS
CHSCN,CHS
CHSCO,CHS
CHSCP,CHS
CHT,Chunghwa
CHTR,Charter
CHUY,Chuy's
CHW,Calamos
CHWY,Chewy
CHX,ChampionX
CHY,Calamos
CI,Cigna
CIA,Citizens
CIB,BanColombia
CIDM,Cinedigm
CIEN,Ciena
CIF,MFS
CIG,Comp
CIGI,Colliers
CIH,China
CII,Blackrock
CIK,Credit
CIM,Chimera
CIM^A,Chimera
CIM^B,Chimera
CIM^C,Chimera
CIM^D,Chimera
CINF,Cincinnati
CINR,Ciner
CIO,City
CIO^A,City
CIR,CIRCOR
CIT,CIT
CIT^B,CIT
CIVB,Civista
CIX,CompX
CIXX,CI
CIZN,Citizens
CJJD,China
CKPT,Checkpoint
CKX,CKX
CL,Colgate-Palmolive
CLAA,Colonnade
CLAQ,CleanTech
CLAQR,CleanTech
CLAQU,CleanTech
CLAQW,CleanTech
CLAR,Clarus
CLAS,Class
CLAY,Chavant
CLAYU,Chavant
CLAYW,Chavant
CLB,Core
CLBK,Columbia
CLBS,Caladrius
CLDB,Cortland
CLDR,Cloudera
CLDT,Chatham
CLDT^A,Chatham
CLDX,Celldex
CLEU,China
CLF,Cleveland-Cliffs
CLFD,Clearfield
CLGN,CollPlant
CLH,Clean
CLI,Mack-Cali
CLIM,Climate
CLIR,ClearSign
CLLS,Cellectis
CLM,Cornerstone
CLMT,Calumet
CLNE,Clean
CLNN,Clene
CLNNW,Clene
CLOEU,Clover
CLOV,Clover
CLOVW,Clover
CLPR,Clipper
CLPS,CLPS
CLPT,ClearPoint
CLR,Continental
CLRB,Cellectar
CLRM,Clarim
CLRMU,Clarim
CLRMW,Clarim
CLRO,ClearOne
CLS,Celestica
CLSD,Clearside
CLSK,CleanSpark
CLSN,Celsion
CLVR,Clever
CLVRW,Clever
CLVS,Clovis
CLVT,Clarivate
CLVT^A,Clarivate
CLW,Clearwater
CLWT,Euro
CLX,Clorox
CLXT,Calyxt
CM,Canadian
CMA,Comerica
CMAX,CareMax
CMAXW,CareMax
CMBM,Cambium
CMC,Commercial
CMCL,Caledonia
CMCM,Cheetah
CMCO,Columbus
CMCSA,Comcast
CMCT,CIM
CME,CME
CMG,Chipotle
CMI,Cummins
CMII,CM
CMIIU,CM
CMIIW,CM
CMLS,Cumulus
CMLT,CM
CMLTU,CM
CMLTW,CM
CMMB,Chemomab
CMO,Capstead
CMO^E,Capstead
CMP,Compass
CMPI,Checkmate
CMPR,Cimpress
CMPS,COMPASS
CMPX,Compass
CMRE,Costamare
CMRE^B,Costamare
CMRE^C,Costamare
CMRE^D,Costamare
CMRE^E,Costamare
CMRX,Chimerix
CMS,CMS
CMS^B,CMS
CMS^C,CMS
CMSA,CMS
CMSC,CMS
CMSD,CMS
CMT,Core
CMTL,Comtech
CMU,MFS
CNA,CNA
CNBKA,Century
CNC,Centene
CNCE,Concert
CND,Concord
CNDT,Conduent
CNET,ZW
CNEY,CN
CNF,CNFinance
CNFR,Conifer
CNFRL,Conifer
CNHI,CNH
CNI,Canadian
CNK,Cinemark
CNM,Core
CNMD,CONMED
CNNB,Cincinnati
CNNE,Cannae
CNO,CNO
CNO^A,CNO
CNOB,ConnectOne
CNP,CenterPoint
CNP^B,CenterPoint
CNQ,Canadian
CNR,Cornerstone
CNS,Cohen
CNSL,Consolidated
CNSP,CNS
CNTA,Centessa
CNTB,Connect
CNTG,Centogene
CNTQU,Chardan
CNTY,Century
CNVY,Convey
CNX,CNX
CNXC,Concentrix
CNXN,PC
CO,Global
COCP,Cocrystal
CODA,Coda
CODI,D/B/A
CODI^A,Compass
CODI^B,Compass
CODI^C,Compass
CODX,Co-Diagnostics
COE,China
COF,Capital
COF^G,Capital
COF^H,Capital
COF^I,Capital
COF^J,Capital
COF^K,Capital
COF^L,Capital
COF^N,Capital
COFS,ChoiceOne
COG,Cabot
COGT,Cogent
COHN,Cohen
COHR,Coherent
COHU,Cohu
COIN,Coinbase
COKE,Coca-Cola
COLB,Columbia
COLD,Americold
COLI,Colicity
COLIU,Colicity
COLIW,Colicity
COLL,Collegium
COLM,Columbia
COMM,CommScope
COMP,Compass
COMS,ComSovereign
COMSW,ComSovereign
CONE,CyrusOne
CONN,Conn's
CONX,CONX
CONXU,CONX
CONXW,CONX
COO,The
COOK,Traeger
COOL,Corner
COOLU,Corner
COOLW,Corner
COOP,Mr.
COP,ConocoPhillips
COR,CoreSite
CORE,Core
CORR,CorEnergy
CORR^A,CorEnergy
CORT,Corcept
COST,Costco
COTY,Coty
COUP,Coupa
COUR,Coursera
COVA,COVA
COVAU,COVA
COVAW,COVA
COWN,Cowen
COWNL,Cowen
CP,Canadian
CPA,Copa
CPAAU,Conyers
CPAC,Cementos
CPAR,Catalyst
CPARU,Catalyst
CPARW,Catalyst
CPB,Campbell
CPE,Callon
CPF,Central
CPG,Crescent
CPHC,Canterbury
CPHI,China
CPIX,Cumberland
CPK,Chesapeake
CPLG,CorePoint
CPLP,Capital
CPNG,Coupang
CPOP,Pop
CPRI,Capri
CPRT,Copart
CPRX,Catalyst
CPS,Cooper-Standard
CPSH,CPS
CPSI,Computer
CPSR,Capstar
CPSS,Consumer
CPT,Camden
CPTAG,Capitala
CPTAL,Capitala
CPTK,Crown
CPUH,Compute
CPZ,Calamos
CQP,Cheniere
CR,Crane
CRAI,CRA
CRBP,Corbus
CRBU,Caribou
CRC,California
CRCT,Cricut
CRD/A,Crawford
CRD/B,Crawford
CRDF,Cardiff
CRDL,Cardiol
CREE,Cree
CREG,China
CRESW,Cresud
CRESY,Cresud
CREX,Creative
CREXW,Creative
CRF,Cornerstone
CRH,CRH
CRHC,Cohn
CRI,Carter's
CRIS,Curis
CRK,Comstock
CRKN,Crown
CRL,Charles
CRM,Salesforce.com
CRMD,CorMedix
CRMT,America's
CRNC,Cerence
CRNT,Ceragon
CRNX,Crinetics
CRON,Cronos
CROX,Crocs
CRS,Carpenter
CRSP,CRISPR
CRSR,Corsair
CRT,Cross
CRTD,Creatd
CRTDW,Creatd
CRTO,Criteo
CRTX,Cortexyme
CRU,Crucible
CRUS,Cirrus
CRVL,CorVel
CRVS,Corvus
CRWD,CrowdStrike
CRWS,Crown
CRY,CryoLife
CRZNU,Corazon
CS,Credit
CSAN,Cosan
CSBR,Champions
CSCO,Cisco
CSCW,Color
CSGP,CoStar
CSGS,CSG
CSII,Cardiovascular
CSIQ,Canadian
CSL,Carlisle
CSLT,Castlight
CSOD,Cornerstone
CSPI,CSP
CSPR,Casper
CSQ,Calamos
CSR,D/B/A
CSR^C,D/B/A
CSSE,Chicken
CSSEN,Chicken
CSSEP,Chicken
CSTA,Constellation
CSTE,Caesarstone
CSTL,Castle
CSTM,Constellium
CSTR,CapStar
CSU,Capital
CSV,Carriage
CSWC,Capital
CSWI,CSW
CSX,CSX
CTA^A,E.I.
CTA^B,E.I.
CTAC,Cerberus
CTAQ,Carney
CTAQU,Carney
CTAQW,Carney
CTAS,Cintas
CTBB,Qwest
CTBI,Community
CTDD,Qwest
CTEK,CynergisTek
CTG,Computer
CTHR,Charles
CTIB,Yunhong
CTIC,CTI
CTK,CooTek
CTKB,Cytek
CTLP,Cantaloupe
CTLT,Catalent
CTMX,CytomX
CTO,CTO
CTO^A,CTO
CTOS,Custom
CTR,ClearBridge
CTRE,CareTrust
CTRM,Castor
CTRN,Citi
CTS,CTS
CTSH,Cognizant
CTSO,Cytosorbents
CTT,CatchMark
CTVA,Corteva
CTXR,Citius
CTXRW,Citius
CTXS,Citrix
CUBA,Herzfeld
CUBB,Customers
CUBE,CubeSmart
CUBI,Customers
CUBI^C,Customers
CUBI^D,Customers
CUBI^E,Customers
CUBI^F,Customers
CUE,Cue
CUEN,Cuentas
CUENW,Cuentas
CUK,Carnival
CULL,Cullman
CULP,Culp
CURI,CuriosityStream
CURIW,CuriosityStream
CURO,CURO
CURV,Torrid
CUTR,Cutera
CUZ,Cousins
CVA,Covanta
CVAC,CureVac
CVBF,CVB
CVCO,Cavco
CVCY,Central
CVE,Cenovus
CVEO,Civeo
CVET,Covetrus
CVGI,Commercial
CVGW,Calavo
CVI,CVR
CVII,Churchill
CVLG,Covenant
CVLT,Commvault
CVLY,Codorus
CVM,Cel-Sci
CVNA,Carvana
CVR,Chicago
CVRX,CVRx
CVS,CVS
CVU,CPI
CVV,CVD
CVX,Chevron
CW,Curtiss-Wright
CWBC,Community
CWBR,CohBar
CWCO,Consolidated
CWEN,Clearway
CWH,Camping
CWK,Cushman
CWST,Casella
CWT,California
CX,Cemex
CXDC,China
CXDO,Crexendo
CXE,MFS
CXH,MFS
CXM,Sprinklr
CXP,Columbia
CXW,CoreCivic
CYAD,Celyad
CYAN,Cyanotech
CYBE,CyberOptics
CYBN,Cybin
CYBR,CyberArk
CYCC,Cyclacel
CYCCP,Cyclacel
CYCN,Cyclerion
CYD,China
CYH,Community
CYRN,CYREN
CYRX,CryoPort
CYT,Cyteir
CYTH,Cyclo
CYTHW,Cyclo
CYTK,Cytokinetics
CYTO,Altamira
CYXT,Cyxtera
CYXTW,Cyxtera
CZNC,Citizens
CZR,Caesars
CZWI,Citizens
D,Dominion
DAC,Danaos
DADA,Dada
DAIO,Data
DAKT,Daktronics
DAL,Delta
DALN,DallasNews
DALS,DA32
DAN,Dana
DAO,Youdao
DAPR,FT
DAR,Darling
DARE,Dare
DASH,DoorDash
DATS,DatChat
DATSW,DatChat
DAUG,FT
DAVA,Endava
DAWN,Day
DB,Deutsche
DBD,Diebold
DBDR,Roman
DBDRU,Roman
DBDRW,Roman
DBGI,Digital
DBGIW,Digital
DBI,Designer
DBL,DoubleLine
DBOC,Innovator
DBRG,DigitalBridge
DBRG^H,DigitalBridge
DBRG^I,DigitalBridge
DBRG^J,DigitalBridge
DBTX,Decibel
DBVT,DBV
DBX,Dropbox
DCBO,Docebo
DCF,BNY
DCI,Donaldson
DCO,Ducommun
DCOM,Dime
DCOMP,Dime
DCP,DCP
DCP^B,DCP
DCP^C,DCP
DCPH,Deciphera
DCRC,Decarbonization
DCRCU,Decarbonization
DCRCW,Decarbonization
DCRDU,Decarbonization
DCRN,Decarbonization
DCRNU,Decarbonization
DCRNW,Decarbonization
DCT,Duck
DCTH,Delcath
DCUE,Dominion
DD,DuPont
DDD,3D
DDEC,FT
DDF,Delaware
DDL,Dingdong
DDMX,DD3
DDMXU,DD3
DDMXW,DD3
DDOG,Datadog
DDS,Dillard's
DDT,Dillard's
DE,Deere
DEA,Easterly
DECK,Deckers
DECZ,TrueShares
DEFN,Emles
DEH,D8
DEI,Douglas
DELL,Dell
DEN,Denbury
DENN,Denny's
DEO,Diageo
DESP,Despegar.com
DEX,Delaware
DFEB,FT
DFFN,Diffusion
DFH,Dream
DFHY,TrimTabs
DFIN,Donnelley
DFNS,LGL
DFNV,TrimTabs
DFP,Flaherty
DFPH,DFP
DFPHW,DFP
DFS,Discover
DG,Dollar
DGICA,Donegal
DGICB,Donegal
DGII,Digi
DGLY,Digital
DGNS,Dragoneer
DGNU,Dragoneer
DGX,Quest
DHBCU,DHB
DHBCW,DHB
DHC,Diversified
DHCA,DHC
DHCAU,DHC
DHCAW,DHC
DHCNI,Diversified
DHCNL,Diversified
DHF,BNY
DHHC,DiamondHead
DHHCU,DiamondHead
DHHCW,DiamondHead
DHI,D.R.
DHIL,Diamond
DHR,Danaher
DHR^A,Danaher
DHR^B,Danaher
DHT,DHT
DHX,DHI
DHY,Credit
DIAX,Nuveen
DIBS,1stdibs.com
DIDI,DiDi
DILA,DILA
DILAU,DILA
DILAW,DILA
DIN,Dine
DIOD,Diodes
DIS,Walt
DISAU,Disruptive
DISAW,Disruptive
DISCA,Discovery
DISCB,Discovery
DISCK,Discovery
DISH,DISH
DIT,AMCON
DJAN,FT
DJCO,Daily
DJUL,FT
DJUN,FT
DK,Delek
DKDCA,Data
DKDCU,Data
DKDCW,Data
DKL,Delek
DKNG,DraftKings
DKS,Dick's
DLA,Delta
DLB,Dolby
DLCA,Deep
DLCAU,Deep
DLCAW,Deep
DLHC,DLH
DLNG,Dynagas
DLNG^A,Dynagas
DLNG^B,Dynagas
DLO,DLocal
DLPN,Dolphin
DLR,Digital
DLR^J,Digital
DLR^K,Digital
DLR^L,Digital
DLTH,Duluth
DLTR,Dollar
DLX,Deluxe
DLY,DoubleLine
DM,Desktop
DMAC,DiaMedica
DMAR,FT
DMAY,FT
DMB,BNY
DMF,BNY
DMLP,Dorchester
DMO,Western
DMRC,Digimarc
DMS,Digital
DMTK,DermTech
DMYI,dMY
DMYQ,dMY
DNAA,Social
DNAB,Social
DNAC,Social
DNAD,Social
DNAY,Codex
DNB,Dun
DNLI,Denali
DNMR,Danimer
DNN,Denison
DNOV,FT
DNOW,NOW
DNP,DNP
DNUT,Krispy
DNZ,D
DOC,Physicians
DOCN,DigitalOcean
DOCS,Doximity
DOCT,FT
DOCU,DocuSign
DOGZ,Dogness
DOLE,Dole
DOMA,Doma
DOMO,Domo
DOOO,BRP
DOOR,Masonite
DORM,Dorman
DOV,Dover
DOW,Dow
DOX,Amdocs
DOYU,DouYu
DPG,Duff
DPRO,Draganfly
DPW,Ault
DPZ,Domino's
DQ,DAQO
DRAYU,Macondray
DRD,DRDGOLD
DRE,Duke
DRH,Diamondrock
DRH^A,Diamondrock
DRI,Darden
DRIO,DarioHealth
DRMA,Dermata
DRMAW,Dermata
DRNA,Dicerna
DRQ,Dril-Quip
DRRX,DURECT
DRTT,DIRTT
DRUA,Dominion
DRVN,Driven
DS,Drive
DS^B,Drive
DS^C,Drive
DS^D,Drive
DSAC,Duddell
DSACW,Duddell
DSEP,FT
DSEY,Diversey
DSGN,Design
DSGX,Descartes
DSKE,Daseke
DSKEW,Daseke
DSL,DoubleLine
DSM,BNY
DSOC,Innovator
DSP,Viant
DSPG,DSP
DSS,Document
DSU,Blackrock
DSWL,Deswell
DSX,Diana
DSX^B,Diana
DT,Dynatrace
DTB,DTE
DTE,DTE
DTEA,DAVIDsTEA
DTF,DTF
DTIL,Precision
DTLA^,Brookfield
DTM,DT
DTOC,Digital
DTOCU,Digital
DTOCW,Digital
DTP,DTE
DTSS,Datasea
DTST,Data
DTSTW,Data
DTW,DTE
DTY,DTE
DUDE,Merlyn.AI
DUK,Duke
DUK^A,Duke
DUKB,Duke
DUKH,Duke
DUNE,Dune
DUNEU,Dune
DUNEW,Dune
DUO,Fangdd
DUOL,Duolingo
DUOT,Duos
DV,DoubleVerify
DVA,DaVita
DVAX,Dynavax
DVD,Dover
DVN,Devon
DWIN,Delwinds
DWSN,Dawson
DX,Dynex
DX^C,Dynex
DXC,DXC
DXCM,DexCom
DXF,Dunxin
DXPE,DXP
DXR,Daxor
DXYN,Dixie
DY,Dycom
DYAI,Dyadic
DYFN,Angel
DYN,Dyne
DYNS,Dynamics
DYNT,Dynatronics
DZSI,DZS
E,ENI
EA,Electronic
EAC,Edify
EACPU,Edify
EACPW,Edify
EAD,Wells
EAF,GrafTech
EAI,Entergy
EAR,Eargo
EARN,Ellington
EAST,Eastside
EAT,Brinker
EB,Eventbrite
EBAC,European
EBACU,European
EBACW,European
EBAY,eBay
EBC,Eastern
EBET,Esports
EBF,Ennis
EBIX,Ebix
EBMT,Eagle
EBON,Ebang
EBR,Centrais
EBS,Emergent
EBSB,Meridian
EBTC,Enterprise
EC,Ecopetrol
ECC           ,Eagle
ECCB,Eagle
ECCC,Eagle
ECCW,Eagle
ECCX,Eagle
ECCY,Eagle
ECF,Ellsworth
ECHO,Echo
ECL,Ecolab
ECOL,US
ECOM          ,ChannelAdvisor
ECOR,electroCore
ECPG,Encore
ECVT,Ecovyst
ED,Consolidated
EDAP,EDAP
EDD,Morgan
EDF,Stone
EDI,Stone
EDIT,Editas
EDN,Empresa
EDR,Endeavor
EDRY,EuroDry
EDSA,Edesa
EDTK,Skillful
EDTX,EdtechX
EDTXU,EdtechX
EDTXW,EdtechX
EDU,New
EDUC,Educational
EEA,The
EEFT,Euronet
EEIQ,Elite
EEX,Emerald
EFC,Ellington
EFC^A,Ellington
EFL,Eaton
EFOI,Energy
EFR,Eaton
EFSC,Enterprise
EFT,Eaton
EFX,Equifax
EGAN,eGain
EGBN,Eagle
EGF,Blackrock
EGHT,8x8
EGIS,2ndVote
EGLE,Eagle
EGLX,Enthusiast
EGO,Eldorado
EGP,EastGroup
EGRX,Eagle
EGY,VAALCO
EH,EHang
EHC,Encompass
EHI,Western
EHTH,eHealth
EIC,Eagle
EIG,Employers
EIGR,Eiger
EIM,Eaton
EIX,Edison
EJFA,EJF
EJFAU,EJF
EJFAW,EJF
EJH,E-Home
EKSO,Ekso
EL,Estee
ELA,Envela
ELAN,Elanco
ELAT,Elanco
ELC,Entergy
ELDN,Eledon
ELEV,Elevation
ELF,e.l.f.
ELLO,Ellomay
ELMD,Electromed
ELMS,Electric
ELMSW,Electric
ELOX,Eloxx
ELP,Companhia
ELS,Equity
ELSE,Electro-Sensors
ELTK,Eltek
ELVT,Elevate
ELY,Callaway
ELYM,Eliem
ELYS,Elys
EM,Smart
EMAN,eMagin
EMCF,Emclaire
EMD,Western
EME,EMCOR
EMF,Templeton
EMKR,EMCORE
EML,Eastern
EMN,Eastman
EMO,ClearBridge
EMP,Entergy
EMR,Emerson
EMX,EMX
ENB,Enbridge
ENBA,Enbridge
ENBL,Enable
ENDP,Endo
ENFA,890
ENFAU,890
ENFAW,890
ENG,ENGlobal
ENIA,Enel
ENIC,Enel
ENJ,Entergy
ENLC,EnLink
ENLV,Enlivex
ENNV,ECP
ENNVU,ECP
ENNVW,ECP
ENO,Entergy
ENOB,Enochian
ENPC,Executive
ENPH,Enphase
ENR,Energizer
ENR^A,Energizer
ENS,EnerSys
ENSC,Ensysce
ENSG,The
ENSV,Enservco
ENTA,Enanta
ENTG,Entegris
ENTX,Entera
ENTXW,Entera
ENV,Envestnet
ENVA,Enova
ENVB,Enveric
ENVI,Environmental
ENVIU,Environmental
ENVIW,Environmental
ENVX,Enovix
ENVXW,Enovix
ENX,Eaton
ENZ,Enzo
EOCW,Elliott
EOD,Wells
EOG,EOG
EOI,Eaton
EOLS,Evolus
EOPS,Emles
EOS,Eaton
EOSE,Eos
EOSEW,Eos
EOT,Eaton
EP^C,El
EPAC,Enerpac
EPAM,EPAM
EPAY,Bottomline
EPC,Edgewell
EPD,Enterprise
EPHY,Epiphany
EPHYU,Epiphany
EPHYW,Epiphany
EPIX,ESSA
EPM,Evolution
EPR,EPR
EPR^C,EPR
EPR^E,EPR
EPR^G,EPR
EPRT,Essential
EPSN,Epsilon
EPWR,Empowerment
EPZM,Epizyme
EQ,Equillium
EQBK,Equity
EQC,Equity
EQC^D,Equity
EQD,Equity
EQH,Equitable
EQH^A,Equitable
EQH^C,Equitable
EQHA,EQ
EQIX,Equinix
EQNR,Equinor
EQOS,Diginex
EQR,Equity
EQS,Equus
EQT,EQT
EQX,Equinox
ERAS,Erasca
ERC,Wells
ERES,East
ERESU,East
ERESW,East
ERF,Enerplus
ERH,Wells
ERIC,Ericsson
ERIE,Erie
ERII,Energy
ERJ,Embraer
ERO,Ero
ERYP,Erytech
ES,Eversource
ESBK,Elmira
ESCA,Escalade
ESE,ESCO
ESEA,Euroseas
ESGC,Eros
ESGR,Enstar
ESGRO,Enstar
ESGRP,Enstar
ESI,Element
ESLT,Elbit
ESNT,Essent
ESP,Espey
ESPR,Esperion
ESQ,Esquire
ESRT,Empire
ESS,Essex
ESSA,ESSA
ESSC,East
ESSCR,East
ESSCU,East
ESSCW,East
ESTA,Establishment
ESTC,Elastic
ESTE,Earthstone
ESXB,Community
ET,Energy
ET^C,Energy
ET^D,Energy
ET^E,Energy
ETAC,E.Merge
ETACU,E.Merge
ETACW,E.Merge
ETB,Eaton
ETD,Ethan
ETG,Eaton
ETI^,Entergy
ETJ,Eaton
ETN,Eaton
ETNB,89bio
ETO,Eaton
ETON,Eton
ETR,Entergy
ETRN,Equitrans
ETSY,Etsy
ETTX,Entasis
ETV,Eaton
ETW,Eaton
ETWO,E2open
ETX           ,Eaton
ETY,Eaton
EUCG,Euclid
EUCR,Eucrates
EUCRW,Eucrates
EURN,Euronav
EUSG,European
EUSGU,European
EUSGW,European
EVA,Enviva
EVAX,Evaxion
EVBG,Everbridge
EVBN,Evans
EVC,Entravision
EVCM,EverCommerce
EVER,EverQuote
EVF,Eaton
EVFM,Evofem
EVG,Eaton
EVGBC,Eaton
EVGN,Evogene
EVGO,EVgo
EVGOW,EVgo
EVH,Evolent
EVI,EVI
EVK,Ever-Glory
EVLO,Evelo
EVLV,Evolv
EVLVU,Evolv
EVLVW,Evolv
EVM,Eaton
EVN,Eaton
EVOJU,Evo
EVOJW,Evo
EVOK,Evoke
EVOL,Evolving
EVOP,EVO
EVR,Evercore
EVRG,Evergy
EVRI,Everi
EVT,Eaton
EVTC,Evertec
EVV,Eaton
EVY,Eaton
EW,Edwards
EWBC,East
EWCZ,European
EWTX,Edgewise
EXAS,Exact
EXC,Exelon
EXD,Eaton
EXEL,Exelixis
EXFO,EXFO
EXG,Eaton
EXK,Endeavour
EXLS,ExlService
EXN,Excellon
EXP,Eagle
EXPD,Expeditors
EXPE,Expedia
EXPI,eXp
EXPO,Exponent
EXPR,Express
EXR,Extra
EXTN,Exterran
EXTR,Extreme
EYE,National
EYEG,Eyegate
EYEN,Eyenovia
EYES,Second
EYESW,Second
EYPT,EyePoint
EZGO,EZGO
EZPW,EZCORP
F,Ford
F^B,Ford
F^C,Ford
FA,First
FACA,Figure
FACT,Freedom
FAF,First
FAIL,Cambria
FAM,First
FAMI,Farmmi
FANG,Diamondback
FANH,Fanhua
FAPR,FT
FARM,Farmer
FARO,FARO
FAST,Fastenal
FAT,FAT
FATBP,FAT
FATBW,FAT
FATE,Fate
FAUG,FT
FAX,Aberdeen
FB,Facebook
FBC,Flagstar
FBHS,Fortune
FBIO,Fortress
FBIOP,Fortress
FBIZ,First
FBK,FB
FBMS,First
FBNC,First
FBP,First
FBRX,Forte
FC,Franklin
FCAP,First
FCAX,Fortress
FCBC,First
FCCO,First
FCCY,1st
FCEL,FuelCell
FCF,First
FCFS,FirstCash
FCN,FTI
FCNCA,First
FCNCP,First
FCO,Aberdeen
FCPT,Four
FCRD,First
FCRW,First
FCRX,First
FCT,First
FCX,Freeport-McMoRan
FDBC,Fidelity
FDEC,FT
FDEU,First
FDG,American
FDMT,4D
FDP,Fresh
FDS,FactSet
FDUS,Fidus
FDUSG,Fidus
FDUSZ,Fidus
FDX,FedEx
FE,FirstEnergy
FEBZ,TrueShares
FEDU,Four
FEDX,Emles
FEI           ,First
FEIM,Frequency
FELE,Franklin
FEMY,Femasys
FEN,First
FENC,Fennec
FENG,Phoenix
FEO,First
FERG,Ferguson
FET,Forum
FEYE,FireEye
FF,FutureFuel
FFA,First
FFBC,First
FFBW,FFBW
FFC,Flaherty
FFEB,FT
FFHL,Fuwei
FFIC,Flushing
FFIE,Faraday
FFIEW,Faraday
FFIN,First
FFIV,F5
FFNW,First
FFWM,First
FGB,First
FGBI,First
FGBIP,First
FGEN,FibroGen
FGF,FG
FGFPP,FG
FGRO,Fidelity
FHB,First
FHI,Federated
FHN,First
FHN^B,First
FHN^C,First
FHN^D,First
FHN^E,First
FHN^F,First
FHS,First
FHTX,Foghorn
FI,Frank's
FIBK,First
FICO,Fair
FICVU,Frontier
FIF,First
FIGS,FIGS
FINM,Marlin
FINMU,Marlin
FINMW,Marlin
FINS,Angel
FINV,FinVolution
FIS,Fidelity
FISI,Financial
FISV,Fiserv
FITB,Fifth
FITBI,Fifth
FITBO,Fifth
FITBP,Fifth
FIV,First
FIVE,Five
FIVN,Five9
FIX,Comfort
FIXX,Homology
FIZZ,National
FJAN,FT
FJUL,FT
FJUN,FT
FKWL,Franklin
FL,Foot
FLAC,Frazier
FLACU,Frazier
FLACW,Frazier
FLC,Flaherty
FLDM,Fluidigm
FLEX,Flex
FLGC,Flora
FLGT,Fulgent
FLIC,First
FLL,Full
FLME,Flame
FLMN,Falcon
FLMNW,Falcon
FLNG,FLEX
FLNT,Fluent
FLO,Flowers
FLOW,SPX
FLR,Fluor
FLS,Flowserve
FLT,FleetCor
FLUX,Flux
FLV,American
FLWS,1-800-FLOWERS.COM
FLXN,Flexion
FLXS,Flexsteel
FLYW,Flywire
FMAC,FirstMark
FMAG,Fidelity
FMAO,Farmers
FMAR,FT
FMAY,FT
FMBH,First
FMBI,First
FMBIO,First
FMBIP,First
FMC,FMC
FMIV,Forum
FMIVU,Forum
FMIVW,Forum
FMN,Federated
FMNB,Farmers
FMO,Fiduciary/Claymore
FMS,Fresenius
FMTX,Forma
FMX,Fomento
FMY,First
FN,Fabrinet
FNB,F.N.B.
FNB^E,F.N.B.
FNCB,FNCB
FNCH,Finch
FND,Floor
FNF,FNF
FNHC,FedNat
FNKO,Funko
FNLC,First
FNOV,FT
FNV,Franco-Nevada
FNWB,First
FOA,Finance
FOCS,Focus
FOCT,FT
FOE,Ferro
FOF,Cohen
FOLD,Amicus
FOMO,FOMO
FONR,Fonar
FOR,Forestar
FORA,Forian
FORD,Forward
FORE,Foresight
FOREU,Foresight
FOREW,Foresight
FORM,FormFactor
FORR,Forrester
FORTY,Formula
FOSL,Fossil
FOUR,Shift4
FOX,Fox
FOXA,Fox
FOXF,Fox
FOXW,FoxWayne
FOXWU,FoxWayne
FOXWW,FoxWayne
FPAC,Far
FPAY,FlexShopper
FPF,First
FPFD,Fidelity
FPH,Five
FPI,Farmland
FPI^B,Farmland
FPL,First
FPRO,Fidelity
FR,First
FRA,Blackrock
FRAF,Franklin
FRBA,First
FRBK,Republic
FRC,FIRST
FRC^H,FIRST
FRC^I,FIRST
FRC^J,FIRST
FRC^K,FIRST
FRC^L,FIRST
FRC^M,FIRST
FRD,Friedman
FREE,Whole
FREEW,Whole
FREQ,Frequency
FREY,FREYR
FRG,Franchise
FRGAP,Franchise
FRGI,Fiesta
FRHC,Freedom
FRLN,Freeline
FRME,First
FRO,Frontline
FROG,JFrog
FRON,Frontier
FRONU,Frontier
FRONW,Frontier
FRPH,FRP
FRPT,Freshpet
FRSG,First
FRSGU,First
FRSGW,First
FRST,Primis
FRSX,Foresight
FRT,Federal
FRT^C,Federal
FRTA,Forterra
FRW,PWP
FRWAU,PWP
FRWAW,PWP
FRXB,Forest
FSBC,Five
FSBW,FS
FSD,First
FSEA,First
FSEP,FT
FSFG,First
FSI,Flexible
FSII,FS
FSK,FS
FSLR,First
FSLY,Fastly
FSM,Fortuna
FSMO,Fidelity
FSNB,Fusion
FSP,Franklin
FSR,Fisker
FSRX,FinServ
FSRXU,FinServ
FSRXW,FinServ
FSS,Federal
FSSI,Fortistar
FSSIU,Fortistar
FSSIW,Fortistar
FST,FAST
FSTR,L.B.
FSTX,F-star
FSV,FirstService
FT,Franklin
FTAA,FTAC
FTAAU,FTAC
FTAAW,FTAC
FTAI,Fortress
FTAI^A,Fortress
FTAI^B,Fortress
FTAI^C,Fortress
FTCH,Farfetch
FTCI,FTC
FTCV,FinTech
FTCVU,FinTech
FTCVW,FinTech
FTDR,Frontdoor
FTEK,Fuel
FTEV,FinTech
FTF,Franklin
FTFT,Future
FTHM,Fathom
FTHY,First
FTI,TechnipFMC
FTK,Flotek
FTNT,Fortinet
FTPA,FTAC
FTPAU,FTAC
FTPAW,FTAC
FTRP,Field
FTS,Fortis
FTSI,FTS
FTV,Fortive
FTVI,FinTech
FTVIU,FinTech
FTVIW,FinTech
FUBO,fuboTV
FUL,H.
FULC,Fulcrum
FULT,Fulton
FULTP,Fulton
FUN,Cedar
FUNC,First
FUND,Sprott
FUNL,CornerCap
FURY,Fury
FUSB,First
FUSE,Fusion
FUSN,Fusion
FUTU,Futu
FUV,Arcimoto
FVAM,5:01
FVCB,FVCBankcorp
FVE,Five
FVIV,Fortress
FVRR,Fiverr
FVT,Fortress
FWAA,Fifth
FWAC,Fifth
FWONA,Liberty
FWONK,Liberty
FWP,Forward
FWRD,Forward
FXLV,F45
FXNC,First
FYBR,Frontier
FZT,FAST
G,Genpact
GAB,Gabelli
GAB^G,Gabelli
GAB^H,Gabelli
GAB^J,Gabelli
GAB^K,Gabelli
GABC,German
GACQ,Global
GACQU,Global
GACQW,Global
GAIA,Gaia
GAIN,Gladstone
GAINN,Gladstone
GAINZ,Gladstone
GALT,Galectin
GAM,General
GAM^B,General
GAMB,Gambling.com
GAMC,Golden
GAMCU,Golden
GAMCW,Golden
GAME,Engine
GAN,GAN
GANX,Gain
GAPA,G&P
GASS,StealthGas
GATO,Gatos
GATX,GATX
GAU,Galiano
GB,Global
GBAB,Guggenheim
GBCI,Glacier
GBDC,Golub
GBIO,Generation
GBL,Gamco
GBLI,Global
GBLIL,Global
GBNH,Greenbrook
GBNY,Generations
GBOX,Greenbox
GBR,New
GBRG,Goldenbridge
GBRGR,Goldenbridge
GBRGU,Goldenbridge
GBRGW,Goldenbridge
GBS,GBS
GBT,Global
GBX,Greenbrier
GCAC,Growth
GCACU,Growth
GCACW,Growth
GCBC,Greene
GCI,Gannett
GCMG,GCM
GCMGW,GCM
GCO,Genesco
GCP,GCP
GCV,Gabelli
GD,General
GDDY,GoDaddy
GDEN,Golden
GDL,GDL
GDO,Western
GDOT,Green
GDP,Goodrich
GDRX,GoodRx
GDS,GDS
GDV,Gabelli
GDV^G,Gabelli
GDV^H,The
GDYN,Grid
GDYNW,Grid
GE,General
GECC,Great
GECCM,Great
GECCN,Great
GECCO,Great
GEF,Greif
GEG,Great
GEL,Genesis
GENC,Gencor
GENE,Genetic
GENI,Genius
GEO,Geo
GEOS,Geospace
GER,Goldman
GERN,Geron
GES,Guess?
GEVO,Gevo
GF,New
GFED,Guaranty
GFF,Griffon
GFI,Gold
GFL,GFL
GFLU,GFL
GFOR,Graf
GFX,Golden
GGAL,Grupo
GGB,Gerdau
GGG,Graco
GGGV,G3
GGGVR,G3
GGGVU,G3
GGM,Guggenheim
GGMC,Glenfarne
GGMCW,Glenfarne
GGN,GAMCO
GGN^B,GAMCO
GGO,The
GGPI,Gores
GGPIU,Gores
GGPIW,Gores
GGT,Gabelli
GGT^G,Gabelli
GGZ,Gabelli
GGZ^A,Gabelli
GH,Guardant
GHAC,Gaming
GHACU,Gaming
GHACW,Gaming
GHC,Graham
GHG,GreenTree
GHL,Greenhill
GHLD,Guild
GHM,Graham
GHRS,GH
GHSI,Guardion
GHY,PGIM
GIB,CGI
GIC,Global
GIFI,Gulf
GIG,GigCapital4
GIGGU,GigCapital4
GIGGW,GigCapital4
GIGM,GigaMedia
GIII,G-III
GIIX,Gores
GIIXU,Gores
GIIXW,Gores
GIL,Gildan
GILD,Gilead
GILT,Gilat
GIM,Templeton
GIS,General
GIW,GigInternational1
GIWWU,GigInternational1
GIWWW,GigInternational1
GJH,Synthetic
GJO,Synthetic
GJP,Synthetic
GJR,Synthetic
GJS,Goldman
GKOS,Glaukos
GL,Globe
GL^D,Globe
GLAD,Gladstone
GLADL,Gladstone
GLAQ,Globis
GLAQU,Globis
GLAQW,Globis
GLBE,Global-E
GLBL,Cartesian
GLBLU,Cartesian
GLBLW,Cartesian
GLBS,Globus
GLBZ,Glen
GLDB,Strategy
GLDD,Great
GLDG,GoldMining
GLEEU,Gladstone
GLEO,Galileo
GLG,TD
GLHA,Glass
GLHAU,Glass
GLHAW,Glass
GLMD,Galmed
GLNG,Golar
GLO,Clough
GLOB,Globant
GLOG^A,GasLog
GLOP,GasLog
GLOP^A,GasLog
GLOP^B,GasLog
GLOP^C,GasLog
GLP,Global
GLP^A,Global
GLP^B,Global
GLPG,Galapagos
GLPI,Gaming
GLQ,Clough
GLRE,Greenlight
GLSI,Greenwich
GLSPT,Global
GLSPU,Global
GLSPW,Global
GLT,Glatfelter
GLTO,Galecto
GLU,Gabelli
GLU^B,The
GLUE,Monte
GLV,Clough
GLW,Corning
GLYC,GlycoMimetics
GM,General
GMAB,Genmab
GMBL,Esports
GMBLW,Esports
GMBT,Queen's
GMBTU,Queen's
GMBTW,Queen's
GMDA,Gamida
GME,GameStop
GMED,Globus
GMII,Gores
GMIIU,Gores
GMIIW,Gores
GMRE,Global
GMRE^A,Global
GMS,GMS
GMTX,Gemini
GMVD,G
GMVDW,G
GNAC,Group
GNACU,Group
GNACW,Group
GNCA,Genocea
GNE,Genie
GNE^A,Genie
GNFT,GENFIT
GNK,Genco
GNL,Global
GNL^A,Global
GNL^B,Global
GNLN,Greenlane
GNOG,Golden
GNPK,Genesis
GNPX,Genprex
GNRC,Generac
GNSS,Genasys
GNT,GAMCO
GNT^A,GAMCO
GNTX,Gentex
GNTY,Guaranty
GNUS,Genius
GNW,Genworth
GO,Grocery
GOAC,GO
GOBI,Gobi
GOCO,GoHealth
GOED,1847
GOEV,Canoo
GOEVW,Canoo
GOF,Guggenheim
GOGL,Golden
GOGO,Gogo
GOL,Gol
GOLD,Barrick
GOLF,Acushnet
GOOD,Gladstone
GOODN,Gladstone
GOODO,Gladstone
GOOG,Alphabet
GOOGL,Alphabet
GOOS,Canada
GORO,Gold
GOSS,Gossamer
GOTU,Gaotu
GOVX,GeoVax
GOVXW,GeoVax
GOVZ,iShares
GP,GreenPower
GPAC,Global
GPACU,Global
GPACW,Global
GPC,Genuine
GPCO,Golden
GPCOR,Golden
GPCOU,Golden
GPCOW,Golden
GPI,Group
GPJA,Georgia
GPK,Graphic
GPL,Great
GPM,Guggenheim
GPMT,Granite
GPN,Global
GPOR,Gulfport
GPP,Green
GPRE,Green
GPRK,Geopark
GPRO,GoPro
GPS,Gap
GPX,GP
GRA,W.R.
GRAY,Graybug
GRBK,Green
GRC,Gorman-Rupp
GRCL,Gracell
GRCY,Greencity
GRCYU,Greencity
GRCYW,Greencity
GRF,Eagle
GRFS,Grifols
GRIL,Muscle
GRIN,Grindrod
GRMN,Garmin
GRNQ,Greenpro
GROM,Grom
GROMW,Grom
GROW,U.S.
GROY,Gold
GRPH,Graphite
GRPN,Groupon
GRTS,Gritstone
GRTX,Galera
GRUB,Just
GRVI,Grove
GRVY,GRAVITY
GRWG,GrowGeneration
GRX,The
GS,Goldman
GS^A,Goldman
GS^C,Goldman
GS^D,Goldman
GS^J,Goldman
GS^K,Goldman
GSAH,GS
GSAQ,Global
GSAQU,Global
GSAQW,Global
GSAT,Globalstar
GSBC,Great
GSBD,Goldman
GSEE,Goldman
GSEV,Gores
GSEVU,Gores
GSEVW,Gores
GSHD,Goosehead
GSID,Goldman
GSIT,GSI
GSK,GlaxoSmithKline
GSKY,GreenSky
GSL,Global
GSL^B,Global
GSLD,Global
GSM,Ferroglobe
GSMG,Glory
GSMGW,Glory
GSQD,G
GSS,Golden
GSUS,Goldman
GSV,Gold
GT,The
GTBP,GT
GTE,Gran
GTEC,Greenland
GTES,Gates
GTH,Genetron
GTHX,G1
GTIM,Good
GTIP,Goldman
GTLS,Chart
GTN,Gray
GTPA,Gores
GTPAU,Gores
GTPAW,Gores
GTPB,Gores
GTPBU,Gores
GTPBW,Gores
GTS,Triple-S
GTX,Garrett
GTY,Getty
GTYH,GTY
GURE,Gulf
GUT,Gabelli
GUT^A,Gabelli
GUT^C,Gabelli
GVA,Granite
GVP,GSE
GWAC,Good
GWACW,Good
GWB,Great
GWGH,GWG
GWIIU,Good
GWRE,Guidewire
GWRS,Global
GWW,W.W.
GXII,GX
GXIIW,GX
GXO,GXO
GYRO,Gyrodyne
H,Hyatt
HA,Hawaiian
HAAC,Health
HAACU,Health
HAACW,Health
HAE,Haemonetics
HAFC,Hanmi
HAIN,Hain
HAL,Halliburton
HALL,Hallmark
HALO,Halozyme
HAPP,Happiness
HARP,Harpoon
HAS,Hasbro
HASI,Hannon
HAYN,Haynes
HAYW,Hayward
HBAN,Huntington
HBANM,Huntington
HBANN,Huntington
HBANP,Huntington
HBB,Hamilton
HBCP,Home
HBI,Hanesbrands
HBIO,Harvard
HBM,Hudbay
HBMD,Howard
HBNC,Horizon
HBP,Huttig
HBT,HBT
HCA,HCA
HCAQ,HealthCor
HCAR,Healthcare
HCARU,Healthcare
HCARW,Healthcare
HCAT,Health
HCC,Warrior
HCCC,Healthcare
HCCCU,Healthcare
HCCCW,Healthcare
HCCI,Heritage-Crystal
HCDI,Harbor
HCDIP,Harbor
HCDIW,Harbor
HCHC,HC2
HCI,HCI
HCIC,Hennessy
HCICU,Hennessy
HCICW,Hennessy
HCII,Hudson
HCIIU,Hudson
HCIIW,Hudson
HCKT,Hackett
HCM,HUTCHMED
HCNE,Jaws
HCNEU,Jaws
HCNEW,Jaws
HCSG,Healthcare
HCWB,HCW
HCXY,Hercules
HD,Home
HDB,HDFC
HDSN,Hudson
HE,Hawaiian
HEAR,Turtle
HEES,H&E
HEET,Hartford
HEGD,Swan
HEI,Heico
HEI/A,Heico
HELE,Helen
HELX,Franklin
HEP,Holly
HEPA,Hepion
HEPS,D-Market
HEQ,John
HERA,FTAC
HERAU,FTAC
HERAW,FTAC
HES,Hess
HESM,Hess
HEXO,HEXO
HFBL,Home
HFC,HollyFrontier
HFFG,HF
HFRO,Highland
HFRO^A,Highland
HFWA,Heritage
HGBL,Heritage
HGEN,Humanigen
HGH,Hartford
HGLB,Highland
HGSH,China
HGV,Hilton
HHC,Howard
HHLA,HH&L
HHR,HeadHunter
HI,Hillenbrand
HIBB,Hibbett
HIE,Miller/Howard
HIFS,Hingham
HIG,Hartford
HIG^G,Hartford
HIGA,H.I.G.
HIHO,Highway
HII,Huntington
HIII,Hudson
HIIIU,Hudson
HIIIW,Hudson
HIL,Hill
HIMS,Hims
HIMX,Himax
HIO,Western
HIPO,Hippo
HITI,High
HIW,Highwoods
HIX,Western
HJLI,Hancock
HJLIW,Hancock
HKIB,AMTD
HL,Hecla
HL^B,Hecla
HLAH,Hamilton
HLAHU,Hamilton
HLAHW,Hamilton
HLBZ,Helbiz
HLBZW,Helbiz
HLF,Herbalife
HLG,Hailiang
HLI,Houlihan
HLIO,Helios
HLIT,Harmonic
HLLY,Holley
HLMN,Hillman
HLMNW,Hillman
HLNE,Hamilton
HLT,Hilton
HLX,Helix
HLXA,Helix
HMC,Honda
HMCO,HumanCo
HMCOU,HumanCo
HMCOW,HumanCo
HMG,HMG/Courtland
HMHC,Houghton
HMLP,Hoegh
HMLP^A,Hoegh
HMN,Horace
HMNF,HMN
HMPT,Home
HMST,HomeStreet
HMTV,Hemisphere
HMY,Harmony
HNGR,Hanger
HNI,HNI
HNNA,Hennessy
HNP,Huaneng
HNRG,Hallador
HNST,The
HNW,Pioneer
HOFT,Hooker
HOFV,Hall
HOFVW,Hall
HOG,Harley-Davidson
HOLI,Hollysys
HOLX,Hologic
HOMB,Home
HON,Honeywell
HONE,HarborOne
HOOD,Robinhood
HOOK,HOOKIPA
HOPE,Hope
HOTH,Hoth
HOV,Hovnanian
HOVNP,Hovnanian
HOWL,Werewolf
HP,Helmerich
HPE,Hewlett
HPF,John
HPI,John
HPK,HighPeak
HPKEW,HighPeak
HPP,Hudson
HPQ,HP
HPS,John
HPX,HPX
HQH,Tekla
HQI,HireQuest
HQL,TeklaLife
HQY,HealthEquity
HR,Healthcare
HRB,H&R
HRC,Hill-Rom
HRI,Herc
HRL,Hormel
HRMY,Harmony
HROW,Harrow
HROWL,Harrow
HRTG,Heritage
HRTX,Heron
HRZN,Horizon
HSAQ,Health
HSBC,HSBC
HSC,Harsco
HSDT,Helius
HSIC,Henry
HSII,Heidrick
HSKA,Heska
HSON,Hudson
HST,Host
HSTM,HealthStream
HSTO,Histogen
HSY,The
HT,Hersha
HT^C,Hersha
HT^D,Hersha
HT^E,Hersha
HTA,Healthcare
HTBI,HomeTrust
HTBK,Heritage
HTBX,Heat
HTD,John
HTGC,Hercules
HTGM,HTG
HTH,Hilltop
HTHT,Huazhu
HTIA,Healthcare
HTLD,Heartland
HTLF,Heartland
HTLFP,Heartland
HTOO,Fusion
HTOOW,Fusion
HTPA,Highland
HTY,John
HUBB,Hubbell
HUBG,Hub
HUBS,HubSpot
HUDI,Huadi
HUGE,FSD
HUGS,USHG
HUIZ,Huize
HUM,Humana
HUN,Huntsman
HURC,Hurco
HURN,Huron
HUSA,Houston
HUSN,Hudson
HUT,Hut
HUYA,HUYA
HVBC,HV
HVBT,Hive
HVT,Haverty
HVT/A,Haverty
HWBK,Hawthorn
HWC,Hancock
HWCPZ,Hancock
HWELU,Healthwell
HWKN,Hawkins
HWM,Howmet
HWM^,Howmet
HX,Xiaobai
HXL,Hexcel
HY,Hyster-Yale
HYAC,Haymaker
HYACU,Haymaker
HYACW,Haymaker
HYB,New
HYFM,Hydrofarm
HYI,Western
HYIN,WisdomTree
HYLN,Hyliion
HYMC,Hycroft
HYMCL,Hycroft
HYMCW,Hycroft
HYMCZ,Hycroft
HYMU,BlackRock
HYRE,HyreCar
HYT,Blackrock
HYW,Hywin
HYZN,Hyzon
HYZNW,Hyzon
HZAC,Horizon
HZN,Horizon
HZNP,Horizon
HZO,MarineMax
HZON,Horizon
IAA,IAA
IAC,IAC/InterActiveCorp
IACB,ION
IACC,ION
IAE,Voya
IAF,Aberdeen
IAG,Iamgold
IART,Integra
IAS,Integral
IBA,Industrias
IBCP,Independent
IBER,Ibere
IBEX,IBEX
IBHF,iShares
IBHG,iShares
IBIO,iBio
IBKR,Interactive
IBM,International
IBN,ICICI
IBOC,International
IBP,Installed
IBRX,ImmunityBio
IBTX,Independent
ICAD,iCAD
ICBK,County
ICCC,ImmuCell
ICCH,ICC
ICD,Independence
ICE,Intercontinental
ICFI,ICF
ICHR,Ichor
ICL,ICL
ICLK,iClick
ICLR,ICON
ICMB,Investcorp
ICPT,Intercept
ICUI,ICU
ICVX,Icosavax
ID,PARTS
IDA,IDACORP
IDBA,IDEX
IDCC,InterDigital
IDE,Voya
IDEX,Ideanomics
IDME,ETF
IDN,Intellicheck
IDRA,Idera
IDT,IDT
IDW,IDW
IDXX,IDEXX
IDYA,IDEAYA
IEA,Infrastructure
IEAWW,Infrastructure
IEC,IEC
IEP,Icahn
IESC,IES
IEX,IDEX
IFBD,Infobird
IFF,Internationa
IFFT,International
IFMK,iFresh
IFN,India
IFRX,InflaRx
IFS,Intercorp
IGA,Voya
IGAC,IG
IGACU,IG
IGACW,IG
IGC,India
IGD,Voya
IGI,Western
IGIC,International
IGLD,FT
IGMS,IGM
IGNY,Ignyte
IGNYW,Ignyte
IGR,CBRE
IGT,International
IH,iHuman
IHC,Independence
IHD,Voya
IHG,Intercontinental
IHIT,Invesco
IHRT,iHeartMedia
IHT,InnSuites
IHTA,Invesco
IIAC,Investindustrial
IIF,Morgan
III,Information
IIII,INSU
IIIIU,INSU
IIIIW,INSU
IIIN,Insteel
IIIV,i3
IIM,Invesco
IIN,Intricon
IINN,Inspira
IINNW,Inspira
IIPR,Innovative
IIPR^A,Innovative
IIVI,II-VI
IIVIP,II-VI
IKNA,Ikena
IKNX,Ikonics
IKT,Inhibikase
ILMN,Illumina
ILPT,Industrial
IMAB,I-MAB
IMAC,IMAC
IMACW,IMAC
IMAQ,International
IMAQR,International
IMAQU,International
IMAQW,International
IMAX,Imax
IMBI,iMedia
IMCC,IM
IMCR,Immunocore
IMFL,Invesco
IMGN,ImmunoGen
IMGO,Imago
IMH,Impac
IMKTA,Ingles
IMMP,Immutep
IMMR,Immersion
IMNM,Immunome
IMO,Imperial
IMOS,ChipMOS
IMPL,Impel
IMPX,AEA-Bridges
IMRA,IMARA
IMRX,Immuneering
IMTE,Integrated
IMTX,Immatics
IMTXW,Immatics
IMUX,Immunic
IMV,IMV
IMVT,Immunovant
IMXI,International
INAB,IN8bio
INBK,First
INBKL,First
INBKZ,First
INBX,Inhibrx
INCY,Incyte
INDB,Independent
INDI,indie
INDIW,indie
INDO,Indonesia
INDP,Indaptus
INDT,INDUS
INFI,Infinity
INFN,Infinera
INFO,IHS
INFU,InfuSystems
INFY,Infosys
ING,ING
INGN,Inogen
INGR,Ingredion
INKA,KludeIn
INKAU,KludeIn
INKAW,KludeIn
INM,InMed
INMB,INmune
INMD,InMode
INN,Summit
INN^D,Summit
INN^E,Summit
INN^F,Summit
INNV,InnovAge
INO,Inovio
INOD,Innodata
INOV,Inovalon
INPX,Inpixon
INS,Intelligent
INSE,Inspired
INSG,Inseego
INSI,Insight
INSM,Insmed
INSP,Inspire
INST,Instructure
INSW,International
INSW^A,International
INT,World
INTA,Intapp
INTC,Intel
INTG,Intergroup
INTT,inTest
INTU,Intuit
INTZ,Intrusion
INUV,Inuvo
INVA,Innoviva
INVE,Identiv
INVH,Invitation
INVO,INVO
INVZ,Innoviz
INVZW,Innoviz
INZY,Inozyme
IO,Ion
IONS,Ionis
IOR,Income
IOSP,Innospec
IOVA,Iovance
IP,International
IPA,ImmunoPrecise
IPAR,Inter
IPDN,Professional
IPG,Interpublic
IPGP,IPG
IPHA,Innate
IPI,Intrepid
IPLDP,Interstate
IPOD,Social
IPOF,Social
IPSC,Century
IPVA,InterPrivate
IPVF,InterPrivate
IPVIU,InterPrivate
IPVIW,InterPrivate
IPW,iPower
IPWR,Ideal
IQ,iQIYI
IQI,Invesco
IQV,IQVIA
IR,Ingersoll
IRBT,iRobot
IRCP,IRSA
IRDM,Iridium
IRIX,IRIDEX
IRL,New
IRM,Iron
IRMD,iRadimed
IROQ,IF
IRS,IRSA
IRT,Independence
IRTC,iRhythm
IRWD,Ironwood
IS,ironSource
ISAA,Iron
ISBC,Investors
ISD,PGIM
ISDR,Issuer
ISEE,IVERIC
ISIG,Insignia
ISLE,Isleworth
ISLEW,Isleworth
ISOS,Isos
ISPC,iSpecimen
ISR,IsoRay
ISRG,Intuitive
ISSC,Innovative
ISTR,Investar
ISUN,iSun
ISVL,iShares
IT,Gartner
ITAC,Industrial
ITACU,Industrial
ITACW,Industrial
ITCB,Itau
ITCI,Intra-Cellular
ITGR,Integer
ITHX,ITHAX
ITHXU,ITHAX
ITHXW,ITHAX
ITI,Iteris
ITIC,Investors
ITMR,Itamar
ITOS,iTeos
ITP,IT
ITQ,Itiquira
ITQRU,Itiquira
ITQRW,Itiquira
ITRG,Integra
ITRI,Itron
ITRM,Iterum
ITRN,Ituran
ITT,ITT
ITUB,Itau
ITW,Illinois
IVA,Inventiva
IVAC,Intevac
IVAN,Ivanhoe
IVC,Invacare
IVDG,Invesco
IVH,Delaware
IVLC,Invesco
IVR,INVESCO
IVR^B,Invesco
IVR^C,INVESCO
IVRA,Invesco
IVSG,Invesco
IVZ,Invesco
IX,Orix
IZEA,IZEA
J,Jacobs
JACK,Jack
JAGX,Jaguar
JAKK,JAKKS
JAMF,Jamf
JAN,JanOne
JANX,Janux
JANZ,TrueShares
JAQCU,Jupiter
JAX,J.
JAZZ,Jazz
JBGS,JBG
JBHT,J.B.
JBI,Janus
JBL,Jabil
JBLU,JetBlue
JBSS,John
JBT,John
JCE,Nuveen
JCI,Johnson
JCIC,Jack
JCICU,Jack
JCICW,Jack
JCO,Nuveen
JCOM,j2
JCS,Communications
JCTCF,Jewett-Cameron
JD,JD.com
JDD,Nuveen
JEF,Jefferies
JELD,JELD-WEN
JEMA,JPMorgan
JEMD,Nuveen
JEQ,Aberdeen
JFIN,Jiayin
JFR,Nuveen
JFU,9F
JG,Aurora
JGH,Nuveen
JHAA,Nuveen
JHB,Nuveen
JHG,Janus
JHI,John
JHS,John
JHX,James
JILL,J.
JJSF,J
JKHY,Jack
JKS,JinkoSolar
JLL,Jones
JLS,Nuveen
JMIA,Jumia
JMM,Nuveen
JMP,JMP
JMPNL,JMP
JMPNZ,JMP
JNCE,Jounce
JNJ,Johnson
JNPR,Juniper
JOAN,JOANN
JOB,GEE
JOBS,51job
JOBY,Joby
JOE,St.
JOF,Japan
JOFF,JOFF
JOFFU,JOFF
JOFFW,JOFF
JOUT,Johnson
JP,Jupai
JPC,Nuveen
JPI,Nuveen
JPM,JP
JPM^C,J
JPM^D,J
JPM^J,J
JPM^K,J
JPM^L,J
JPM^M,J
JPS,Nuveen
JPT,Nuveen
JQC,Nuveen
JRI,Nuveen
JRJC,China
JRO,Nuveen
JRS,Nuveen
JRSH,Jerash
JRVR,James
JSD,Nuveen
JSM,Navient
JT,Jianpu
JTA,Nuveen
JTD,Nuveen
JUGG,Jaws
JUGGU,Jaws
JUGGW,Jaws
JULZ,TrueShares
JUPW,Jupiter
JUPWW,Jupiter
JVA,Coffee
JW/A,John
JW/B,John
JWEL,Jowell
JWN,Nordstrom
JWSM,Jaws
JYAC,Jiya
JYNT,The
JZXN,Jiuzi
K,Kellogg
KAHC,KKR
KAI,Kadant
KAII,Kismet
KAIIU,Kismet
KAIIW,Kismet
KAIR,Kairos
KAIRU,Kairos
KAIRW,Kairos
KALA,Kala
KALU,Kaiser
KALV,KalVista
KAMN,Kaman
KAR,KAR
KARO,Karooooo
KAVL,Kaival
KB,KB
KBAL,Kimball
KBH,KB
KBNT,Kubient
KBNTW,Kubient
KBR,KBR
KBSF,KBS
KC,Kingsoft
KCAC,Kensington
KDMN,Kadmon
KDNY,Chinook
KDP,Keurig
KE,Kimball
KELYA,Kelly
KELYB,Kelly
KEN,Kenon
KEP,Korea
KEQU,Kewaunee
KERN,Akerna
KERNW,Akerna
KEX,Kirby
KEY,KeyCorp
KEY^I,KeyCorp
KEY^J,KeyCorp
KEY^K,KeyCorp
KEYS,Keysight
KF,Korea
KFFB,Kentucky
KFRC,Kforce
KFS,Kingsway
KFY,Korn
KGC,Kinross
KHC,The
KIDS,OrthoPediatrics
KIII,Kismet
KIIIU,Kismet
KIIIW,Kismet
KIM,Kimco
KIM^L,Kimco
KIM^M,Kimco
KIN,Kindred
KINS,Kingstone
KINZ,KINS
KINZU,KINS
KINZW,KINS
KIO,KKR
KIQ,Kelso
KIRK,Kirkland's
KJUL,Innovator
KKR,KKR
KKR^B,KKR
KKR^C,KKR
KKRS,KKR
KL,Kirkland
KLAC,KLA
KLAQ,KL
KLAQU,KL
KLDO,Kaleido
KLIC,Kulicke
KLR,Kaleyra
KLTR,Kaltura
KLXE,KLX
KMB,Kimberly-Clark
KMDA,Kamada
KMF,Kayne
KMI,Kinder
KMPH,KemPharm
KMPR,Kemper
KMT,Kennametal
KMX,CarMax
KN,Knowles
KNBE,KnowBe4
KNDI,Kandi
KNGS,UPHOLDINGS
KNOP,KNOT
KNSA,Kiniksa
KNSL,Kinsale
KNTE,Kinnate
KNX,Knight-Swift
KO,Coca-Cola
KOD,Kodiak
KODK,Eastman
KOF,Coca
KOP,Koppers
KOPN,Kopin
KOR,Corvus
KOS,Kosmos
KOSS,Koss
KPLT,Katapult
KPLTW,Katapult
KPTI,Karyopharm
KR,Kroger
KRA,Kraton
KRBP,Kiromic
KRC,Kilroy
KREF,KKR
KREF^A,KKR
KRG,Kite
KRKR,36Kr
KRMD,Repro
KRNL,Kernel
KRNLU,Kernel
KRNLW,Kernel
KRNT,Kornit
KRNY,Kearny
KRO,Kronos
KRON,Kronos
KROS,Keros
KRP,Kimbell
KRT,Karat
KRTX,Karuna
KRUS,Kura
KRYS,Krystal
KSI,Kadem
KSICU,Kadem
KSICW,Kadem
KSM,DWS
KSMT,Kismet
KSMTU,Kismet
KSMTW,Kismet
KSPN,Kaspien
KSS,Kohl's
KSU,Kansas
KSU^,Kansas
KT,KT
KTB,Kontoor
KTCC,Key
KTF,DWS
KTH,Structures
KTN,Structured
KTOS,Kratos
KTRA,Kintara
KUKE,Kuke
KULR,KULR
KURA,Kura
KURI,Alkuri
KURIU,Alkuri
KURIW,Alkuri
KVHI,KVH
KVSA,Khosla
KVSB,Khosla
KVSC,Khosla
KW,Kennedy-Wilson
KWAC,Kingswood
KWR,Quaker
KXIN,Kaixin
KYMR,Kymera
KYN,Kayne
KZIA,Kazia
KZR,Kezar
L,Loews
LAAA,Lakeshore
LAAAU,Lakeshore
LAAAW,Lakeshore
LABP,Landos
LAC,Lithium
LAD,Lithia
LADR,Ladder
LAIX,LAIX
LAKE,Lakeland
LAMR,Lamar
LANC,Lancaster
LAND,Gladstone
LANDM,Gladstone
LANDO,Gladstone
LARK,Landmark
LASR,nLIGHT
LATN,Union
LATNU,Union
LATNW,Union
LAUR,Laureate
LAW,CS
LAWS,Lawson
LAZ,Lazard
LAZR,Luminar
LAZY,Lazydays
LBAI,Lakeland
LBC,Luther
LBPH,Longboard
LBPS,4D
LBPSW,4D
LBRDA,Liberty
LBRDK,Liberty
LBRDP,Liberty
LBRT,Liberty
LBTYA,Liberty
LBTYB,Liberty
LBTYK,Liberty
LC,LendingClub
LCA,Landcadia
LCAA,L
LCAAU,L
LCAAW,L
LCAHU,Landcadia
LCAHW,Landcadia
LCAP,Lionheart
LCAPU,Lionheart
LCAPW,Lionheart
LCI,Lannett
LCID,Lucid
LCIDW,Lucid
LCII,LCI
LCNB,LCNB
LCTX,Lineage
LCUT,Lifetime
LDHA,LDH
LDHAU,LDH
LDHAW,LDH
LDI,loanDepot
LDL,Lydall
LDOS,Leidos
LDP,Cohen
LE,Lands'
LEA,Lear
LEAP,Ribbit
LECO,Lincoln
LEDS,SemiLEDS
LEE,Lee
LEG,Leggett
LEGA,Lead
LEGAU,Lead
LEGAW,Lead
LEGH,Legacy
LEGN,Legend
LEGO,Legato
LEGOU,Legato
LEGOW,Legato
LEJU,Leju
LEN,Lennar
LEO,BNY
LESL,Leslie's
LEU,Centrus
LEV,The
LEVI,Levi
LEVL,Level
LEXX,Lexaria
LEXXW,Lexaria
LFC,China
LFMD,LifeMD
LFST,LifeStance
LFT,Lument
LFT^A,Lument
LFTR,Lefteris
LFTRU,Lefteris
LFTRW,Lefteris
LFUS,Littelfuse
LFVN,Lifevantage
LGAC,Lazard
LGACU,Lazard
LGACW,Lazard
LGHL,Lion
LGHLW,Lion
LGI,Lazard
LGIH,LGI
LGL,LGL
LGND,Ligand
LGO,Largo
LGV,Longview
LGVN,Longeveron
LH,Laboratory
LHAA,Lerer
LHC,Leo
LHCG,LHC
LHDX,Lucira
LHX,L3Harris
LI,Li
LICY,Li-Cycle
LIDR,AEye
LIDRW,AEye
LIFE,aTyr
LII,Lennox
LIII,Leo
LILA,Liberty
LILAK,Liberty
LIN,Linde
LINC,Lincoln
LIND,Lindblad
LINK,Interlink
LIQT,LiqTech
LITB,LightInTheBox
LITE,Lumentum
LITT,Logistics
LITTU,Logistics
LITTW,Logistics
LIV,Emles
LIVE,Live
LIVK,LIV
LIVKW,LIV
LIVN,LivaNova
LIVX,LiveXLive
LIXT,Lixte
LIXTW,Lixte
LIZI,LIZHI
LJAQ,LightJump
LJAQU,LightJump
LJAQW,LightJump
LJPC,La
LKCO,Luokung
LKFN,Lakeland
LKQ,LKQ
LL,Lumber
LLNW,Limelight
LLY,Eli
LMACA,Liberty
LMACU,Liberty
LMACW,Liberty
LMAO,LMF
LMAOU,LMF
LMAOW,LMF
LMAT,LeMaitre
LMB,Limbach
LMFA,LM
LMND,Lemonade
LMNL,Liminal
LMNR,Limoneira
LMPX,LMP
LMRK,Landmark
LMRKN,Landmark
LMRKO,Landmark
LMRKP,Landmark
LMST,Limestone
LMT,Lockheed
LNC,Lincoln
LND,Brasilagro
LNDC,Landec
LNFA,L&amp;F
LNG,Cheniere
LNN,Lindsay
LNSR,LENSAR
LNT,Alliant
LNTH,Lantheus
LOAN,Manhattan
LOB,Live
LOCO,El
LODE,Comstock
LOGC,LogicBio
LOGI,Logitech
LOKB,Live
LOKM,Live
LOMA,Loma
LOOP,Loop
LOPE,Grand
LORL,Loral
LOTZ,CarLotz
LOTZW,CarLotz
LOV,Spark
LOVE,The
LOW,Lowe's
LPCN,Lipocine
LPG,Dorian
LPI,Laredo
LPL,LG
LPLA,LPL
LPRO,Open
LPSN,LivePerson
LPTH,LightPath
LPTX,Leap
LPX,Louisiana-Pacific
LQDA,Liquidia
LQDT,Liquidity
LRCX,Lam
LRFC,Logan
LRMR,Larimar
LRN,Stride
LSAQ,LifeSci
LSBK,Lake
LSCC,Lattice
LSEA,Landsea
LSEAW,Landsea
LSF,Laird
LSI,Life
LSPD,Lightspeed
LSTR,Landstar
LSXMA,Liberty
LSXMB,Liberty
LSXMK,Liberty
LTBR,Lightbridge
LTC,LTC
LTCH,Latch
LTCHW,Latch
LTHM,Livent
LTRN,Lantern
LTRPA,Liberty
LTRPB,Liberty
LTRX,Lantronix
LU,Lufax
LUB,Luby's
LULU,lululemon
LUMN,Lumen
LUMO,Lumos
LUNA,Luna
LUNG,Pulmonx
LUV,Southwest
LUXA,Lux
LUXAU,Lux
LUXAW,Lux
LUXE,Emles
LVOX,LiveVox
LVOXW,LiveVox
LVRA,Levere
LVRAU,Levere
LVRAW,Levere
LVS,Las
LVTX,LAVA
LW,Lamb
LWAC,Locust
LWACU,Locust
LWACW,Locust
LWAY,Lifeway
LX,LexinFintech
LXEH,Lixiang
LXFR,Luxfer
LXP,Lexington
LXP^C,Lexington
LXRX,Lexicon
LXU,LSB
LYB,LyondellBasell
LYEL,Lyell
LYFE,2ndVote
LYFT,Lyft
LYG,Lloyds
LYL,Dragon
LYRA,Lyra
LYTS,LSI
LYV,Live
LZ,LegalZoom.com
LZB,La-Z-Boy
M,Macy's
MA,Mastercard
MAA,Mid-America
MAA^I,Mid-America
MAAC,Montes
MAACU,Montes
MAACW,Montes
MAC,Macerich
MACA,Moringa
MACAU,Moringa
MACC,Mission
MACK,Merrimack
MACQ,MCAP
MACQU,MCAP
MACQW,MCAP
MACU,Mallard
MACUU,Mallard
MACUW,Mallard
MAG,MAG
MAGS,Magal
MAIN,Main
MAMB,Monarch
MAN,ManpowerGroup
MANH,Manhattan
MANT,ManTech
MANU,Manchester
MAPS,WM
MAPSW,WM
MAQC,Maquia
MAQCW,Maquia
MAR,Marriott
MARA,Marathon
MARK,Remark
MARPS,Marine
MARZ,TrueShares
MAS,Masco
MASI,Masimo
MASS,908
MAT,Mattel
MATW,Matthews
MATX,Matson
MAV,Pioneer
MAX,MediaAlpha
MAXN,Maxeon
MAXR,Maxar
MAYS,J.
MBAC,M3-Brigade
MBBB,VanEck
MBCC,Monarch
MBCN,Middlefield
MBI,MBIA
MBII,Marrone
MBIN,Merchants
MBINN,Merchants
MBINO,Merchants
MBINP,Merchants
MBIO,Mustang
MBND,SPDR
MBNKP,Medallion
MBOT,Microbot
MBRX,Moleculin
MBT,Mobile
MBTC,Nocturne
MBTCR,Nocturne
MBTCU,Nocturne
MBUU,Malibu
MBWM,Mercantile
MC,Moelis
MCA,Blackrock
MCAD,Mountain
MCADR,Mountain
MCADU,Mountain
MCAE,Mountain
MCAEU,Mountain
MCAF,Mountain
MCAFR,Mountain
MCAFU,Mountain
MCB,Metropolitan
MCBC,Macatawa
MCBS,MetroCity
MCD,McDonald's
MCF,Contango
MCFE,McAfee
MCFT,MasterCraft
MCG,Membership
MCHP,Microchip
MCHX,Marchex
MCI,Barings
MCK,McKesson
MCMJ,Merida
MCMJW,Merida
MCN,Madison
MCO,Moody's
MCR,MFS
MCRB,Seres
MCRI,Monarch
MCS,Marcus
MCW,Mister
MCY,Mercury
MD,Mednax
MDB,MongoDB
MDC,M.D.C.
MDEV,First
MDGL,Madrigal
MDGS,Medigus
MDGSW,Medigus
MDH,MDH
MDIA,Mediaco
MDJH,MDJM
MDLA,Medallia
MDLZ,Mondelez
MDNA,Medicenna
MDP,Meredith
MDRR,Medalist
MDRRP,Medalist
MDRX,Allscripts
MDT,Medtronic
MDU,MDU
MDVL,MedAvail
MDWD,MediWound
MDWT,Midwest
MDXG,MiMedx
ME,23andMe
MEACU,Mercury
MEC,Mayville
MED,MEDIFAST
MEDP,Medpace
MEDS,TRxADE
MEG,Montrose
MEI,Methode
MEIP,MEI
MELI,MercadoLibre
MEOH,Methanex
MER^K,Bank
MERC,Mercer
MESA,Mesa
MESO,Mesoblast
MET,MetLife
MET^A,MetLife
MET^E,MetLife
MET^F,MetLife
METC,Ramaco
METCL,Ramaco
METX,Meten
METXW,Meten
MEUSW,23andMe
MF,Missfresh
MFA,MFA
MFA^B,MFA
MFA^C,MFA
MFC,Manulife
MFD,Macquarie
MFG,Mizuho
MFGP,Micro
MFH,Mercurity
MFIN,Medallion
MFL,Blackrock
MFM,MFS
MFMS,Motley
MFNC,Mackinac
MFV,MFS
MG,Mistras
MGA,Magna
MGEE,MGE
MGF,MFS
MGI,Moneygram
MGIC,Magic
MGLN,Magellan
MGM,MGM
MGNI,Magnite
MGNX,MacroGenics
MGP,MGM
MGPI,MGP
MGR,Affiliated
MGRB,Affiliated
MGRC,McGrath
MGRD,Affiliated
MGTA,Magenta
MGTX,MeiraGTx
MGU,Macquarie
MGY,Magnolia
MGYR,Magyar
MH^A,Maiden
MH^C,Maiden
MH^D,Maiden
MHD,Blackrock
MHF,Western
MHH,Mastech
MHI,Pioneer
MHK,Mohawk
MHLA,Maiden
MHLD,Maiden
MHN,Blackrock
MHNC,Maiden
MHO,M/I
MIC,Macquarie
MICT,MICT
MIDD,Middleby
MIG,VanEck
MILE,Metromile
MILEW,Metromile
MIME,Mimecast
MIMO,Airspan
MIN,MFS
MIND,MIND
MINDP,MIND
MINM,Minim
MINN,Trust
MIO,Pioneer
MIRM,Mirum
MIRO,Miromatrix
MIST,Milestone
MIT,Mason
MITA,Coliseum
MITAU,Coliseum
MITAW,Coliseum
MITC,MeaTech
MITK,Mitek
MITO,Stealth
MITQ,Moving
MITT,AG
MITT^A,AG
MITT^B,AG
MITT^C,AG
MIXT,MiX
MIY,Blackrock
MKC,McCormick
MKD,Molecular
MKFG,Markforged
MKL,Markel
MKSI,MKS
MKTW,MarketWise
MKTWW,MarketWise
MKTX,MarketAxess
MKTY,Mechanical
MKTYP,Mechanical
MLAB,Mesa
MLAC,Malacca
MLACW,Malacca
MLCO,Melco
MLHR,Herman
MLI,Mueller
MLM,Martin
MLNK,MeridianLink
MLP,Maui
MLR,Miller
MLSS,Milestone
MLVF,Malvern
MMAT,Meta
MMC,Marsh
MMD,MainStay
MMI,Marcus
MMLP,Martin
MMM,3M
MMMB,MamaMancini's
MMP,Magellan
MMS,Maximus
MMSI,Merit
MMT,MFS
MMU,Western
MMX,Maverix
MMYT,MakeMyTrip
MN,Manning
MNDO,MIND
MNDY,monday.com
MNKD,MannKind
MNMD,Mind
MNOV,Medicinova
MNP,Western
MNPR,Monopar
MNR,Monmouth
MNR^C,Monmouth
MNRL,Brigham
MNRO,Monro
MNSB,MainStreet
MNSBP,MainStreet
MNSO,MINISO
MNST,Monster
MNTK,Montauk
MNTS,Momentus
MNTSW,Momentus
MNTV,Momentive
MNTX,Manitex
MO,Altria
MOD,Modine
MODN,Model
MODV,ModivCare
MOFG,MidWestOne
MOGO,Mogo
MOGU,MOGU
MOH,Molina
MOHO,ECMOHO
MOLN,Molecular
MOMO,Hello
MON,Monument
MONCU,Monument
MONCW,Monument
MOR,MorphoSys
MORF,Morphic
MORN,Morningstar
MOS,Mosaic
MOSY,MoSys
MOTN,Motion
MOTNU,Motion
MOTNW,Motion
MOTS,Motus
MOTV,Motive
MOV,Movado
MOVE,Movano
MOXC,Moxian
MP,MP
MPA,Blackrock
MPAA,Motorcar
MPAC,Model
MPACR,Model
MPACU,Model
MPACW,Model
MPB,Mid
MPC,Marathon
MPLN,MultiPlan
MPLX,MPLX
MPRO,Northern
MPV,Barings
MPW,Medical
MPWR,Monolithic
MPX,Marine
MQ,Marqeta
MQT,Blackrock
MQY,Blackrock
MRAC,Marquee
MRACU,Marquee
MRACW,Marquee
MRAM,Everspin
MRBK,Meridian
MRC,MRC
MRCC,Monroe
MRCY,Mercury
MREO,Mereo
MRIN,Marin
MRK,Merck
MRKR,Marker
MRLN,Marlin
MRM,MEDIROM
MRNA,Moderna
MRNS,Marinus
MRO,Marathon
MRSK,Toews
MRSN,Mersana
MRTN,Marten
MRTX,Mirati
MRUS,Merus
MRVI,Maravai
MRVL,Marvell
MS,Morgan
MS^A,Morgan
MS^E,Morgan
MS^F,Morgan
MS^I,Morgan
MS^K,Morgan
MS^L,Morgan
MSA,MSA
MSAC,Medicus
MSACW,Medicus
MSB,Mesabi
MSBI,Midland
MSC,Studio
MSCI,MSCI
MSD,Morgan
MSDA,MSD
MSDAU,MSD
MSDAW,MSD
MSEX,Middlesex
MSFT,Microsoft
MSGE,Madison
MSGM,Motorsport
MSGS,Madison
MSI,Motorola
MSM,MSC
MSN,Emerson
MSON,MISONIX
MSP,Datto
MSTB,LHA
MSTR,MicroStrategy
MSVB,Mid-Southern
MSVX,LHA
MT,Arcelor
MTA,Metalla
MTAC,MedTech
MTACU,MedTech
MTACW,MedTech
MTB,M&T
MTBC,CareCloud
MTBCP,CareCloud
MTC,MMTec
MTCH,Match
MTCN,ArcelorMittal
MTCR,Metacrine
MTD,Mettler-Toledo
MTDR,Matador
MTEM,Molecular
MTEX,Mannatech
MTG,MGIC
MTH,Meritage
MTL,Mechel
MTL^,Mechel
MTLS,Materialise
MTN,Vail
MTNB,Matinas
MTOR,Meritor
MTP,Midatech
MTR,Mesa
MTRN,Materion
MTRX,Matrix
MTSI,MACOM
MTTR,Matterport
MTTRW,Matterport
MTW,Manitowoc
MTX,Minerals
MTZ,MasTec
MU,Micron
MUA,Blackrock
MUC,Blackrock
MUDS,Mudrick
MUDSU,Mudrick
MUDSW,Mudrick
MUE,Blackrock
MUFG,Mitsubishi
MUI,Blackrock
MUJ,Blackrock
MUR,Murphy
MUSA,Murphy
MUX,McEwen
MVBF,MVB
MVF,Blackrock
MVIS,MicroVision
MVO,MV
MVST,Microvast
MVSTW,Microvast
MVT,Blackrock
MWA,MUELLER
MX,Magnachip
MXC,Mexco
MXCT,MaxCyte
MXE,Mexico
MXF,Mexico
MXIM,Maxim
MXL,MaxLinear
MYC,Blackrock
MYD,Blackrock
MYE,Myers
MYFW,First
MYGN,Myriad
MYI,Blackrock
MYJ,Blackrock
MYMD,MyMD
MYN,Blackrock
MYO,Myomo
MYOV,Myovant
MYPS,PLAYSTUDIOS
MYPSW,PLAYSTUDIOS
MYRG,MYR
MYSZ,My
MYTE,MYT
NAAC,North
NAACU,North
NAACW,North
NABL,N-able
NAC,Nuveen
NAD,Nuveen
NAII,Natural
NAK,Northern
NAKD,Naked
NAN,Nuveen
NAOV,NanoVibronix
NAPA,The
NAPR,Innovator
NARI,Inari
NAT,Nordic
NATH,Nathan's
NATI,National
NATR,Nature's
NAUT,Nautilus
NAVB,Navidea
NAVI,Navient
NAZ,Nuveen
NBB,Nuveen
NBEV,NewAge
NBH,Neuberger
NBHC,National
NBIX,Neurocrine
NBN,Northeast
NBO,Neuberger
NBR,Nabors
NBRV,Nabriva
NBSE,NeuBase
NBST,Newbury
NBSTU,Newbury
NBSTW,Newbury
NBTB,NBT
NBTX,Nanobiotix
NBW,Neuberger
NBXG,Neuberger
NBY,NovaBay
NC,NACCO
NCA,Nuveen
NCBS,Nicolet
NCLH,Norwegian
NCMI,National
NCNA,NuCana
NCNO,nCino
NCR,NCR
NCSM,NCS
NCTY,The9
NCV,Virtus
NCV^A,Virtus
NCZ,Virtus
NCZ^A,Virtus
NDAC,NightDragon
NDACU,NightDragon
NDACW,NightDragon
NDAQ,Nasdaq
NDLS,Noodles
NDMO,Nuveen
NDP,Tortoise
NDRA,ENDRA
NDRAW,ENDRA
NDSN,Nordson
NE,Noble
NEA,Nuveen
NECB,NorthEast
NEE,NextEra
NEE^K,NextEra
NEE^N,NextEra
NEE^O,NextEra
NEE^P,NextEra
NEE^Q,NextEra
NEGG,Newegg
NEM,Newmont
NEN,New
NEO,NeoGenomics
NEOG,Neogen
NEON,Neonode
NEP,NextEra
NEPH,Nephros
NEPT,Neptune
NERV,Minerva
NES,Nuverra
NESR,National
NESRW,National
NET,Cloudflare
NETE,Net
NETI,Eneti
NEU,NewMarket
NEV,Nuveen
NEW,Puxin
NEWP,New
NEWR,New
NEWT,Newtek
NEWTL,Newtek
NEWTZ,Newtek
NEX,NexTier
NEXA,Nexa
NEXI,NexImmune
NEXT,NextDecade
NFBK,Northfield
NFE,New
NFG,National
NFH,New
NFJ,Virtus
NFLX,Netflix
NG,Novagold
NGAB,Northern
NGC,Northern
NGCA,NextGen
NGCAU,NextGen
NGCAW,NextGen
NGD,New
NGG,National
NGL,NGL
NGL^B,NGL
NGL^C,NGL
NGM,NGM
NGMS,NeoGames
NGS,Natural
NGVC,Natural
NGVT,Ingevity
NH,NantHealth
NHC,National
NHF,NexPoint
NHF^A,NexPoint
NHI,National
NHS,Neuberger
NHTC,Natural
NI,NiSource
NI^B,NiSource
NICE,NICE
NICK,Nicholas
NID,Nuveen
NIE,Virtus
NIM,Nuveen
NIMC,NiSource
NINE,Nine
NIO,NIO
NIQ,Nuveenn
NISN,NiSun
NIU,Niu
NJR,NewJersey
NJUL,Innovator
NKE,Nike
NKG,Nuveen
NKLA,Nikola
NKSH,National
NKTR,Nektar
NKTX,Nkarta
NKX,Nuveen
NL,NL
NLIT,Northern
NLITU,Northern
NLITW,Northern
NLOK,NortonLifeLock
NLS,Nautilus
NLSN,Nielsen
NLSP,NLS
NLSPW,NLS
NLTX,Neoleukin
NLY,Annaly
NLY^F,Annaly
NLY^G,Annaly
NLY^I,Annaly
NM,Navios
NM^G,Navios
NM^H,Navios
NMCO,Nuveen
NMFC,New
NMG,Nouveau
NMI,Nuveen
NMIH,NMI
NMK^B,Niagara
NML,Neuberger
NMM,Navios
NMMC,North
NMMCW,North
NMR,Nomura
NMRD,Nemaura
NMRK,Newmark
NMS,Nuveen
NMT,Nuveen
NMTC,NeuroOne
NMTR,9
NMZ,Nuveen
NNA,Navios
NNBR,NN
NNDM,Nano
NNI,Nelnet
NNN,National
NNN^F,National
NNOX,NANO-X
NNVC,NanoViricides
NNY,Nuveen
NOA,North
NOAC,Natural
NOACU,Natural
NOACW,Natural
NOAH,Noah
NOC,Northrop
NODK,NI
NOG,Northern
NOK,Nokia
NOM,Nuveen
NOMD,Nomad
NOTV,Inotiv
NOV,NOV
NOVA,Sunnova
NOVN,Novan
NOVT,Novanta
NOVVU,Nova
NOVZ,TrueShares
NOW,ServiceNow
NP,Neenah
NPCE,Neuropace
NPCT,Nuveen
NPK,National
NPO,EnPro
NPTN,NeoPhotonics
NPV,Nuveen
NQP,Nuveen
NR,Newpark
NRAC,Noble
NRACU,Noble
NRACW,Noble
NRBO,NeuroBo
NRC,National
NREF,NexPoint
NREF^A,NexPoint
NRG,NRG
NRGX,PIMCO
NRIM,Northrim
NRIX,Nurix
NRK,Nuveen
NRO,Neuberger
NRP,Natural
NRT,North
NRUC,National
NRXP,NRX
NRXPW,NRX
NRZ,New
NRZ^A,New
NRZ^B,New
NRZ^C,New
NS,Nustar
NS^A,Nustar
NS^B,Nustar
NS^C,Nustar
NSA,National
NSA^A,National
NSC,Norfolk
NSEC,National
NSIT,Insight
NSL,Nuveen
NSP,Insperity
NSPR,InspireMD
NSPRZ,InspireMD
NSS,NuStar
NSSC,NAPCO
NSTB,Northern
NSTC,Northern
NSTD,Northern
NSTG,NanoString
NSYS,Nortech
NTAP,NetApp
NTB,Bank
NTCO,Natura
NTCT,NetScout
NTES,NetEase
NTG,Tortoise
NTGR,NETGEAR
NTIC,Northern
NTIP,Network-1
NTLA,Intellia
NTNX,Nutanix
NTP,Nam
NTR,Nutrien
NTRA,Natera
NTRS,Northern
NTRSO,Northern
NTST,NetSTREIT
NTUS,Natus
NTWK,NetSol
NTZ,Natuzzi
NUAN,Nuance
NUE,Nucor
NUO,Nuveen
NURO,NeuroMetrix
NUS,Nu
NUV,Nuveen
NUVA,NuVasive
NUVB,Nuvation
NUVL,Nuvalent
NUW,Nuveen
NUWE,Nuwellis
NUZE,NuZee
NVAX,Novavax
NVCN,Neovasc
NVCR,NovoCure
NVDA,NVIDIA
NVEC,NVE
NVEE,NV5
NVFY,Nova
NVG,Nuveen
NVGS,Navigator
NVIV,InVivo
NVMI,Nova
NVO,Novo
NVOS,Novo
NVR,NVR
NVRO,Nevro
NVS,Novartis
NVSA,New
NVSAU,New
NVSAW,New
NVST,Envista
NVT,nVent
NVTA,Invitae
NVVE,Nuvve
NVVEW,Nuvve
NWBI,Northwest
NWE,NorthWestern
NWFL,Norwood
NWG,NatWest
NWHM,New
NWL,Newell
NWLI,National
NWN,Northwest
NWPX,Northwest
NWS,News
NWSA,News
NX,Quanex
NXC,Nuveen
NXE,Nexgen
NXGN,NextGen
NXJ,Nuveen
NXN,Nuveen
NXP,Nuveen
NXPI,NXP
NXQ,Nuveen
NXR,Nuveen
NXRT,NexPoint
NXST,Nexstar
NXTC,NextCure
NXTD,Nxt-ID
NXTP,NextPlay
NXU,Novus
NYC,New
NYCB,New
NYCB^A,New
NYCB^U,New
NYMT,New
NYMTL,New
NYMTM,New
NYMTN,New
NYMTP,New
NYMX,Nymox
NYT,New
NYXH,Nyxoah
NZF,Nuveen
O,Realty
OACB,Oaktree
OAK^A,Oaktree
OAK^B,Oaktree
OAS,Oasis
OB,Outbrain
OBAS,Optibase
OBCI,Ocean
OBLG,Oblong
OBNK,Origin
OBSV,ObsEva
OBT,Orange
OC,Owens
OCA,Omnichannel
OCAX,OCA
OCAXU,OCA
OCAXW,OCA
OCC,Optical
OCCI,OFS
OCCIO,OFS
OCCIP,OFS
OCDX,Ortho
OCFC,OceanFirst
OCFCP,OceanFirst
OCFT,OneConnect
OCG,Oriental
OCGN,Ocugen
OCN,Ocwen
OCSL,Oaktree
OCTZ,TrueShares
OCUL,Ocular
OCUP,Ocuphire
OCX,Oncocyte
ODC,Oil-Dri
ODFL,Old
ODP,The
ODT,Odonate
OEC,Orion
OEG,Orbital
OEPW,One
OEPWU,One
OEPWW,One
OESX,Orion
OFC,Corporate
OFED,Oconee
OFG,OFG
OFIX,Orthofix
OFLX,Omega
OFS,OFS
OFSSG,OFS
OFSSI,OFS
OG,Onion
OGE,OGE
OGEN,Oragenics
OGI,Organigram
OGN,Organon
OGS,ONE
OHI,Omega
OHPA,Orion
OHPAU,Orion
OHPAW,Orion
OI,O-I
OIA,Invesco
OII,Oceaneering
OIIM,O2Micro
OIS,Oil
OKE,ONEOK
OKTA,Okta
OLB,The
OLED,Universal
OLK,Olink
OLLI,Ollie's
OLMA,Olema
OLN,Olin
OLO,Olo
OLP,One
OM,Outset
OMAB,Grupo
OMC,Omnicom
OMCL,Omnicell
OMEG,Omega
OMER,Omeros
OMEX,Odyssey
OMF,OneMain
OMGA,Omega
OMI,Owens
OMIC,Singular
OMP,Oasis
ON,ON
ONB,Old
ONCR,Oncorus
ONCS,OncoSec
ONCT,Oncternal
ONCY,Oncolytics
ONDS,Ondas
ONE,OneSmart
ONEM,1Life
ONEW,OneWater
ONTF,ON24
ONTO,Onto
ONTX,Onconova
ONVO,Organovo
OOMA,Ooma
OPA,Magnum
OPBK,OP
OPCH,Option
OPEN,Opendoor
OPFI,OppFi
OPGN,OpGen
OPHC,OptimumBank
OPI,Office
OPINL,Office
OPK,OPKO
OPNT,Opiant
OPOF,Old
OPP,RiverNorth/DoubleLine
OPP^A,RiverNorth/DoubleLine
OPRA,Opera
OPRT,Oportun
OPRX,OptimizeRx
OPT,Opthea
OPTN,OptiNose
OPTT,Ocean
OPY,Oppenheimer
OR,Osisko
ORA,Ormat
ORAN,Orange
ORBC,ORBCOMM
ORC,Orchid
ORCC,Owl
ORCL,Oracle
ORGN,Origin
ORGNW,Origin
ORGO,Organogenesis
ORGS,Orgenesis
ORI,Old
ORIA,Orion
ORIAU,Orion
ORIAW,Orion
ORIC,Oric
ORLA,Orla
ORLY,O'Reilly
ORMP,Oramed
ORN,Orion
ORPH,Orphazyme
ORRF,Orrstown
ORTX,Orchard
OSAT,Orbsat
OSATW,Orbsat
OSBC,Old
OSCR,Oscar
OSG,Overseas
OSH,Oak
OSI,Osiris
OSIS,OSI
OSK,Oshkosh
OSMT,Osmotica
OSN,Ossen
OSPN,OneSpan
OSS,One
OSTK,Overstock.com
OSTR,Oyster
OSTRU,Oyster
OSTRW,Oyster
OSUR,OraSure
OSW,OneSpaWorld
OTEC,OceanTech
OTECU,OceanTech
OTECW,OceanTech
OTEX,Open
OTIC,Otonomy
OTIS,Otis
OTLK,Outlook
OTLKW,Outlook
OTLY,Oatly
OTMO,Otonomo
OTMOW,Otonomo
OTRA,OTR
OTRAW,OTR
OTRK,Ontrak
OTRKP,Ontrak
OTTR,Otter
OUST,Ouster
OUT,OUTFRONT
OVBC,Ohio
OVID,Ovid
OVLY,Oak
OVV,Ovintiv
OWL,Blue
OWLT,Owlet
OXACU,Oxbridge
OXBR,Oxbridge
OXBRW,Oxbridge
OXLC,Oxford
OXLCL,Oxford
OXLCM,Oxford
OXLCO,Oxford
OXLCP,Oxford
OXM,Oxford
OXSQ,Oxford
OXSQG,Oxford
OXSQL,Oxford
OXSQZ,Oxford
OXY,Occidental
OYST,Oyster
OZK,Bank
OZON,Ozon
PAA,Plains
PAAS,Pan
PAC,Grupo
PACB,Pacific
PACE,TPG
PACK,Ranpak
PACW,PacWest
PACX,Pioneer
PACXU,Pioneer
PACXW,Pioneer
PAE,PAE
PAEWW,PAE
PAG,Penske
PAGP,Plains
PAGS,PagSeguro
PAHC,Phibro
PAI,Western
PAIC,Petra
PAICU,Petra
PAICW,Petra
PALI,Palisade
PALT,Paltalk
PAM,Pampa
PANA,Panacea
PANL,Pangaea
PANW,Palo
PAQC,Provident
PAQCU,Provident
PAQCW,Provident
PAR,PAR
PARR,Par
PASG,Passage
PATH,UiPath
PATI,Patriot
PATK,Patrick
PAVM,PAVmed
PAVMW,PAVmed
PAVMZ,PAVmed
PAX,Patria
PAY,Paymentus
PAYA,Paya
PAYAW,Paya
PAYC,Paycom
PAYO,Payoneer
PAYOW,Payoneer
PAYS,Paysign
PAYX,Paychex
PB,Prosperity
PBA,Pembina
PBBK,PB
PBC,Prospect
PBCT,People's
PBCTP,People's
PBF,PBF
PBFS,Pioneer
PBFX,PBF
PBH,Prestige
PBHC,Pathfinder
PBI,Pitney
PBI^B,Pitney
PBIP,Prudential
PBLA,Panbela
PBPB,Potbelly
PBR,Petroleo
PBT,Permian
PBTS,Powerbridge
PBYI,Puma
PCAR,PACCAR
PCB,PCB
PCF,High
PCG,Pacific
PCG^A,Pacific
PCG^B,Pacific
PCG^E,Pacific
PCG^G,Pacific
PCG^H,Pacific
PCG^I,Pacific
PCGU,Pacific
PCH,PotlatchDeltic
PCI,PIMCO
PCK,Pimco
PCM,PCM
PCN,Pimco
PCOM,Points
PCOR,Procore
PCPC,Periphas
PCQ,PIMCO
PCRX,Pacira
PCSA,Processa
PCSB,PCSB
PCT,PureCycle
PCTI,PCTEL
PCTTU,PureCycle
PCTTW,PureCycle
PCTY,Paylocity
PCVX,Vaxcyte
PCYG,Park
PCYO,Pure
PD,PagerDuty
PDCE,PDC
PDCO,Patterson
PDD,Pinduoduo
PDEX,Pro-Dex
PDFS,PDF
PDI,PIMCO
PDLB,PDL
PDM,Piedmont
PDO,PIMCO
PDOT,Peridot
PDS,Precision
PDSB,PDS
PDT,John
PEAK,Healthpeak
PEB,Pebblebrook
PEB^C,Pebblebrook
PEB^D,Pebblebrook
PEB^E,Pebblebrook
PEB^F,Pebblebrook
PEB^G,Pebblebrook
PEB^H,Pebblebrook
PEBK,Peoples
PEBO,Peoples
PECO,Phillips
PED,Pedevco
PEG,Public
PEGA,Pegasystems
PEI,Pennsylvania
PEI^B,Pennsylvania
PEI^C,Pennsylvania
PEI^D,Pennsylvania
PEN,Penumbra
PENN,Penn
PEO,Adams
PEP,PepsiCo
PERI,Perion
PESI,Perma-Fix
PETQ,PetIQ
PETS,PetMed
PETV,PetVivo
PETVW,PetVivo
PETZ,TDH
PFBC,Preferred
PFBI,Premier
PFC,Premier
PFD,Flaherty
PFDR,Pathfinder
PFDRU,Pathfinder
PFDRW,Pathfinder
PFE,Pfizer
PFG,Principal
PFGC,Performance
PFH,Prudential
PFHD,Professional
PFIE,Profire
PFIN,P
PFIS,Peoples
PFL,PIMCO
PFLT,PennantPark
PFMT,Performant
PFN,PIMCO
PFO,Flaherty
PFPT,Proofpoint
PFS,Provident
PFSI,PennyMac
PFSW,PFSweb
PFTAU,Portage
PFX,PhenixFIN
PFXNL,PhenixFIN
PG,Procter
PGC,Peapack-Gladstone
PGEN,Precigen
PGNY,Progyny
PGP,Pimco
PGR,Progressive
PGRE,Paramount
PGRW,Progress
PGRWU,Progress
PGRWW,Progress
PGTI,PGT
PGZ,Principal
PH,Parker-Hannifin
PHAR,Pharming
PHAS,PhaseBio
PHAT,Phathom
PHCF,Puhui
PHD,Pioneer
PHG,Koninklijke
PHGE,BiomX
PHI,PLDT
PHIC,Population
PHICU,Population
PHICW,Population
PHIO,Phio
PHIOW,Phio
PHK,Pimco
PHM,PulteGroup
PHR,Phreesia
PHT,Pioneer
PHUN,Phunware
PHUNW,Phunware
PHVS,Pharvaris
PHX,PHX
PI,Impinj
PIAI,Prime
PICC,Pivotal
PII,Polaris
PIM,Putnam
PINC,Premier
PINE,Alpine
PING,Ping
PINS,Pinterest
PIPP,Pine
PIPR,Piper
PIRS,Pieris
PIXY,ShiftPixy
PJT,PJT
PK,Park
PKBK,Parke
PKE,Park
PKG,Packaging
PKI,PerkinElmer
PKO,Pimco
PKOH,Park-Ohio
PKX,POSCO
PLAB,Photronics
PLAG,Planet
PLAN,Anaplan
PLAY,Dave
PLBC,Plumas
PLBY,PLBY
PLCE,Children's
PLD,Prologis
PLG,Platinum
PLIN,China
PLL,Piedmont
PLM,Polymet
PLMI,Plum
PLMIU,Plum
PLMIW,Plum
PLMR,Palomar
PLNT,Planet
PLOW,Douglas
PLPC,Preformed
PLRG,Principal
PLRX,Pliant
PLSE,Pulse
PLTK,Playtika
PLTL,Principal
PLTR,Palantir
PLUG,Plug
PLUS,ePlus
PLX,Protalix
PLXP,PLx
PLXS,Plexus
PLYA,Playa
PLYM,Plymouth
PLYM^A,Plymouth
PM,Philip
PMBC,Pacific
PMCB,PharmaCyte
PMD,Psychemedics
PME,Pingtan
PMF,PIMCO
PMGM,Priveterra
PMGMU,Priveterra
PMGMW,Priveterra
PML,Pimco
PMM,Putnam
PMO,Putnam
PMT,PennyMac
PMT^A,PennyMac
PMT^B,PennyMac
PMTS,CPI
PMVC,PMV
PMVP,PMV
PMX,PIMCO
PNBK,Patriot
PNC,PNC
PNC^P,PNC
PNF,PIMCO
PNFP,Pinnacle
PNFPP,Pinnacle
PNI,Pimco
PNM,PNM
PNNT,PennantPark
PNNTG,PennantPark
PNR,Pentair
PNRG,PrimeEnergy
PNT,POINT
PNTG,The
PNTM,Pontem
PNW,Pinnacle
POAI,Predictive
PODD,Insulet
POLA,Polar
POLY,Plantronics
POND,Angel
PONOU,Pono
POOL,Pool
POR,Portland
POSH,Poshmark
POST,Post
POW,Powered
POWI,Power
POWL,Powell
POWRU,Powered
POWRW,Powered
POWW,AMMO
POWWP,AMMO
PPBI,Pacific
PPBT,Purple
PPC,Pilgrim's
PPD,PPD
PPG,PPG
PPGH,Poema
PPGHU,Poema
PPGHW,Poema
PPHPU,PHP
PPIH,Perma-Pipe
PPL,PPL
PPSI,Pioneer
PPT,Putnam
PPTA,Perpetua
PRA,ProAssurance
PRAA,PRA
PRAX,Praxis
PRCH,Porch
PRDO,Perdoceo
PRE^J,PartnerRe
PRFT,Perficient
PRFX,PainReform
PRG,PROG
PRGO,Perrigo
PRGS,Progress
PRI,Primerica
PRIF^D,Priority
PRIF^E,Priority
PRIF^F,Priority
PRIF^G,Priority
PRIF^H,Priority
PRIF^I,Priority
PRIF^J,Priority
PRIM,Primoris
PRK,Park
PRLB,Proto
PRLD,Prelude
PRMW,Primo
PRO,PROS
PROF,Profound
PROG,Progenity
PROV,Provident
PRPB,CC
PRPC,CC
PRPH,ProPhase
PRPL,Purple
PRPO,Precipio
PRQR,ProQR
PRS,Prudential
PRSR,Prospector
PRSRU,Prospector
PRSRW,Prospector
PRT,PermRock
PRTA,Prothena
PRTC,PureTech
PRTG,Portage
PRTH,Priority
PRTK,Paratek
PRTS,CarParts.com
PRTY,Party
PRU,Prudential
PRVA,Privia
PRVB,Provention
PSA,Public
PSA^E,Public
PSA^F,Public
PSA^G,Public
PSA^H,Public
PSA^I,Public
PSA^J,Public
PSA^K,Public
PSA^L,Public
PSA^M,Public
PSA^N,Public
PSA^O,Public
PSA^P,Public
PSA^Q,Public
PSAG,Property
PSAGU,Property
PSAGW,Property
PSB,PS
PSB^W,PS
PSB^X,PS
PSB^Y,PS
PSB^Z,PS
PSCJ,Pacer
PSCW,Pacer
PSEC,Prospect
PSEC^A,Prospect
PSF,Cohen
PSFD,Pacer
PSFE,Paysafe
PSFF,Pacer
PSFJ,Pacer
PSHG,Performance
PSMJ,Pacer
PSMT,PriceSmart
PSN,Parsons
PSNL,Personalis
PSO,Pearson
PSPC,Post
PSTG,Pure
PSTH,Pershing
PSTI,Pluristem
PSTL,Postal
PSTV,PLUS
PSTX,Poseida
PSX,Phillips
PSXP,Phillips
PT,Pintec
PTA,Cohen
PTC,PTC
PTCT,PTC
PTE,PolarityTE
PTEN,Patterson-UTI
PTGX,Protagonist
PTIC,PropTech
PTICU,PropTech
PTICW,PropTech
PTIX,Protagenic
PTIXW,Protagenic
PTK,PTK
PTMN,Portman
PTN,Palatin
PTNR,Partner
PTOC,Pine
PTOCU,Pine
PTOCW,Pine
PTON,Peloton
PTPI,Petros
PTR,PetroChina
PTRA,Proterra
PTRAW,Proterra
PTRS,Partners
PTSI,P.A.M.
PTVE,Pactiv
PTY,Pimco
PUBM,PubMatic
PUCK,Goal
PUCKU,Goal
PUCKW,Goal
PUK,Prudential
PUK^,Prudential
PUK^A,Prudential
PULM,Pulmatrix
PUMP,ProPetro
PUYI,Puyi
PV,Primavera
PVAC,Penn
PVBC,Provident
PVG,Pretium
PVH,PVH
PVL,Permianville
PW,Power
PW^A,Power
PWFL,PowerFleet
PWOD,Penns
PWP,Perella
PWPPW,Perella
PWR,Quanta
PWSC,PowerSchool
PXD,Pioneer
PXLW,Pixelworks
PXS,Pyxis
PXSAP,Pyxis
PXSAW,Pyxis
PYCR,Paycor
PYN,PIMCO
PYPD,PolyPid
PYPL,PayPal
PYR,PyroGenesis
PYS,Merrill
PZC,PIMCO
PZG,Paramount
PZN,Pzena
PZZA,Papa
QADA,QAD
QADB,QAD
QCOM,QUALCOMM
QCON,American
QCRH,QCR
QD,Qudian
QDEC,FT
QDEL,Quidel
QELL,Qell
QELLU,Qell
QELLW,Qell
QFIN,360
QFTA,Quantum
QGEN,Qiagen
QH,Quhuo
QIPT,Quipt
QIWI,QIWI
QJUN,First
QK,Q&K
QLGN,Qualigen
QLI,Qilian
QLYS,Qualys
QMAR,FT
QMCO,Quantum
QNST,QuinStreet
QPFF,American
QQQX,Nuveen
QRHC,Quest
QRTEA,Qurate
QRTEB,Qurate
QRTEP,Qurate
QRVO,Qorvo
QS,QuantumScape
QSI,Quantum-Si
QSIAW,Quantum-Si
QSR,Restaurant
QTAP,Innovator
QTJL,Innovator
QTNT,Quotient
QTRX,Quanterix
QTS,QTS
QTS^A,QTS
QTS^B,QTS
QTT,Qutoutiao
QTWO,Q2
QUAD,Quad
QUBT,Quantum
QUIK,QuickLogic
QUMU,Qumu
QUOT,Quotient
QURE,uniQure
QVCC,QVC
QVCD,QVC
R,Ryder
RA,Brookfield
RAAS,Cloopen
RACB,Research
RACE,Ferrari
RAD,Rite
RADA,RADA
RADI,Radius
RAIL,FreightCar
RAIN,Rain
RAM,Aries
RAMMU,Aries
RAMMW,Aries
RAMP,LiveRamp
RAND,Rand
RANI,Rani
RAPT,RAPT
RARE,Ultragenyx
RAVE,Rave
RAVN,Raven
RBA,Ritchie
RBAC,RedBall
RBB,RBB
RBBN,Ribbon
RBC,Regal
RBCAA,Republic
RBCN,Rubicon
RBKB,Rhinebeck
RBLX,Roblox
RBNC,Reliant
RC,Ready
RC^C,Ready
RC^E,Ready
RCA,Ready
RCAT,Red
RCB,Ready
RCC,Ready
RCEL,Avita
RCG,RENN
RCHG,Recharge
RCHGU,Recharge
RCHGW,Recharge
RCI,Rogers
RCII,Rent-A-Center
RCKT,Rocket
RCKY,Rocky
RCL,D/B/A
RCLF,Rosecliff
RCLFU,Rosecliff
RCLFW,Rosecliff
RCM,R1
RCMT,RCM
RCON,Recon
RCRT,Recruiter.com
RCRTW,Recruiter.com
RCS,PIMCO
RCUS,Arcus
RDCM,Radcom
RDFI,Rareview
RDFN,Redfin
RDHL,Redhill
RDI,Reading
RDIB,Reading
RDN,Radian
RDNT,RadNet
RDS/B,Royal
RDUS,Radius
RDVT,Red
RDWR,Radware
RDY,Dr.
RE,Everest
REAL,The
REAX,The
REC,Emles
REDU,RISE
REE,REE
REEAW,REE
REED,Reeds
REFR,Research
REG,Regency
REGI,Renewable
REGN,Regeneron
REI,Ring
REKR,Rekor
RELI,Reliance
RELIW,Reliance
RELL,Richardson
RELX,RELX
RENN,Renren
REPH,Recro
REPL,Replimune
REPX,Riley
RERE,AiHuiShou
RES,RPC
RESN,Resonant
RETA,Reata
RETO,ReTo
REV,Revlon
REVG,REV
REVH,Revolution
REVHU,Revolution
REVHW,Revolution
REX,REX
REXR,Rexford
REXR^B,Rexford
REXR^C,Rexford
REYN,Reynolds
REZI,Resideo
RF,Regions
RF^B,Regions
RF^C,Regions
RF^E,Regions
RFI,Cohen
RFIL,RF
RFL,Rafael
RFM,RiverNorth
RFMZ,RiverNorth
RFP,Resolute
RGA,Reinsurance
RGC,Regencell
RGCO,RGC
RGEN,Repligen
RGLD,Royal
RGLS,Regulus
RGNX,REGENXBIO
RGP,Resources
RGR,Sturm
RGS,Regis
RGT,Royce
RH,RH
RHE,Regional
RHE^A,Regional
RHI,Robert
RHP,Ryman
RIBT,RiceBran
RICE,Rice
RICK,RCI
RICOU,Agrico
RIDE,Lordstown
RIG,Transocean
RIGL,Rigel
RILY,B.
RILYH,B.
RILYI,B.
RILYK,B.
RILYL,B.
RILYM,B.
RILYN,B.
RILYO,B.
RILYP,B.
RILYT,B.
RILYZ,B.
RIO,Rio
RIOT,Riot
RIV,RiverNorth
RIVE,Riverview
RJF,Raymond
RKDA,Arcadia
RKLY,Rockley
RKT,Rocket
RKTA,Rocket
RL,Ralph
RLAY,Relay
RLGT,Radiant
RLGY,Realogy
RLI,RLI
RLJ,RLJ
RLJ^A,RLJ
RLMD,Relmada
RLX,RLX
RLYB,Rallybio
RM,Regional
RMAX,RE/MAX
RMBI,Richmond
RMBL,RumbleOn
RMBS,Rambus
RMCF,Rocky
RMD,ResMed
RMED,Ra
RMGB,RMG
RMGBU,RMG
RMGBW,RMG
RMGC,RMG
RMGCU,RMG
RMGCW,RMG
RMI,RiverNorth
RMM,RiverNorth
RMNI,Rimini
RMO,Romeo
RMPL^,RiverNorth
RMR,The
RMRM,RMR
RMT,Royce
RMTI,Rockwell
RNA,Avidity
RNAZ,TransCode
RNDB,Randolph
RNG,RingCentral
RNGR,Ranger
RNLX,Renalytix
RNP,Cohen
RNR,RenaissanceRe
RNR^F,RenaissanceRe
RNR^G,RenaissanceRe
RNST,Renasant
RNWK,RealNetworks
ROAD,Construction
ROCGU,Roth
ROCK,Gibraltar
ROCR,Roth
ROCRU,Roth
ROCRW,Roth
ROG,Rogers
ROIC,Retail
ROK,Rockwell
ROKU,Roku
ROL,Rollins
ROLL,RBC
ROMO,Strategy
RONI,Rice
ROOT,Root
ROP,Roper
ROSS,Ross
ROST,Ross
ROT,Rotor
ROVR,Rover
ROVRW,Rover
RPAI,Retail
RPAY,Repay
RPD,Rapid7
RPHM,Reneo
RPID,Rapid
RPM,RPM
RPRX,Royalty
RPT,RPT
RPT^D,RPT
RPTX,Repare
RQI,Cohen
RRBI,Red
RRC,Range
RRD,R.R.
RRGB,Red
RRR,Red
RS,Reliance
RSF,RiverNorth
RSG,Republic
RSI,Rush
RSKD,Riskified
RSLS,ReShape
RSSS,Research
RSVR,Reservoir
RSVRW,Reservoir
RTAI,Rareview
RTLR,Rattler
RTPY,Reinvent
RTPYU,Reinvent
RTPYW,Reinvent
RTX,Raytheon
RUBY,Rubius
RUN,Sunrun
RUSHA,Rush
RUSHB,Rush
RUTH,Ruth's
RVACU,Riverview
RVI,Retail
RVLV,Revolve
RVMD,Revolution
RVNC,Revance
RVP,Retractable
RVPH,Reviva
RVPHW,Reviva
RVSB,Riverview
RVT,Royce
RWLK,ReWalk
RWT,Redwood
RXDX,Prometheus
RXN,Rexnord
RXRA,RXR
RXRAU,RXR
RXRAW,RXR
RXRX,Recursion
RXST,RxSight
RXT,Rackspace
RY,Royal
RY^T,Royal
RYAAY,Ryanair
RYAM,Rayonier
RYAN,Ryan
RYB,RYB
RYI,Ryerson
RYN,Rayonier
RYTM,Rhythm
RZA,Reinsurance
RZB,Reinsurance
RZLT,Rezolute
S,SentinelOne
SA,Seabridge
SABR,Sabre
SABRP,Sabre
SACC,Sachem
SACH,Sachem
SACH^A,Sachem
SAF,Saratoga
SAFE,Safehold
SAFM,Sanderson
SAFT,Safety
SAGE,Sage
SAH,Sonic
SAIA,Saia
SAIC,SCIENCE
SAIL,SailPoint
SAK,Saratoga
SAL,Salisbury
SALM,Salem
SAM,Boston
SAMG,Silvercrest
SAN,Banco
SANA,Sana
SAND          ,Sandstorm
SANM,Sanmina
SANW,S&W
SAP,SAP
SAR,Saratoga
SASR,Sandy
SATS,EchoStar
SAVA,Cassava
SAVE,Spirit
SB,Safe
SB^C,Safe
SB^D,Safe
SBAC,SBA
SBBA,Scorpio
SBBP,Strongbridge
SBCF,Seacoast
SBEA,SilverBox
SBEAU,SilverBox
SBEAW,SilverBox
SBET,SharpLink
SBEV,Splash
SBFG,SB
SBGI,Sinclair
SBH,Sally
SBI,Western
SBII,Sandbridge
SBLK,Star
SBNY,Signature
SBNYP,Signature
SBOW,SilverBow
SBR,Sabine
SBRA,Sabra
SBS,Companhia
SBSI,Southside
SBSW,D/B/A
SBT,Sterling
SBTX,Silverback
SBUX,Starbucks
SC,Santander
SCAQ,Stratim
SCAQU,Stratim
SCAQW,Stratim
SCCB,Sachem
SCCC,Sachem
SCCO,Southern
SCD,LMP
SCE^G,SCE
SCE^H,SCE
SCE^J,Southern
SCE^K,Southern
SCE^L,SCE
SCHL,Scholastic
SCHN,Schnitzer
SCHW,Charles
SCHW^D,The
SCHW^J,The
SCI,Service
SCKT,Socket
SCL,Stepan
SCLE,Broadscale
SCLEU,Broadscale
SCLEW,Broadscale
SCM,Stellus
SCOA,ScION
SCOAU,ScION
SCOAW,ScION
SCOB,ScION
SCOBU,ScION
SCOBW,ScION
SCOR,comScore
SCPH,scPharmaceuticals
SCPL,SciPlay
SCPS,Scopus
SCR,Score
SCS,Steelcase
SCSC,ScanSource
SCU,Sculptor
SCVL,Shoe
SCVX,SCVX
SCWX,SecureWorks
SCX,L.S.
SCYX,SCYNEXIS
SD,SandRidge
SDAC,Sustainable
SDACU,Sustainable
SDACW,Sustainable
SDC,SmileDirectClub
SDGR,Schrodinger
SDH,Global
SDHY,PGIM
SDPI,Superior
SE,Sea
SEAC,SeaChange
SEAH,Sports
SEAS,SeaWorld
SEB,Seaboard
SECO,Secoo
SEDG,SolarEdge
SEE,Sealed
SEED,Origin
SEEL,Seelos
SEER,Seer
SEIC,SEI
SELB,Selecta
SELF,Global
SEM,Select
SEMR,SEMrush
SENEA,Seneca
SENEB,Seneca
SENS,Senseonics
SEPZ,Listed
SERA,Sera
SESN,Sesen
SF,Stifel
SF^B,Stifel
SF^C,Stifel
SF^D,Stifel
SFB,Stifel
SFBC,Sound
SFBS,ServisFirst
SFE,Safeguard
SFET,Safe-T
SFIX,Stitch
SFL,SFL
SFM,Sprouts
SFNC,Simmons
SFST,Southern
SFT,Shift
SFTW,Osprey
SFUN,Fang
SGA,Saga
SGAM,Seaport
SGAMU,Seaport
SGAMW,Seaport
SGBX,SG
SGC,Superior
SGEN,Seagen
SGFY,Signify
SGH,SMART
SGHT,Sight
SGLB,Sigma
SGLBW,Sigma
SGMA,SigmaTron
SGMO,Sangamo
SGMS,Scientific
SGOC,SGOCO
SGRP,SPAR
SGRY,Surgery
SGTX,Sigilon
SGU,Star
SHAC,SCP
SHACU,SCP
SHACW,SCP
SHAK,Shake
SHBI,Shore
SHC,Sotera
SHCR,Sharecare
SHCRW,Sharecare
SHEN,Shenandoah
SHG,Shinhan
SHI,SINOPEC
SHIP,Seanergy
SHIPW,Seanergy
SHIPZ,Seanergy
SHLS,Shoals
SHLX,Shell
SHO,Sunstone
SHO^H,Sunstone
SHO^I,Sunstone
SHOO,Steven
SHOP,Shopify
SHQAU,Shelter
SHSP,SharpSpring
SHW,Sherwin-Williams
SHYF,The
SI,Silvergate
SI^A,Silvergate
SIBN,SI-BONE
SIC,Select
SID,Companhia
SIEB,Siebert
SIEN,Sientra
SIF,SIFCO
SIFY,Sify
SIG,Signet
SIGA,SIGA
SIGI,Selective
SIGIP,Selective
SII,Sprott
SILC,Silicom
SILK,Silk
SILV,SilverCrest
SIM,Grupo
SIMO,Silicon
SINO,Sino-Global
SINT,SiNtx
SIOX,Sio
SIRI,Sirius
SITC,SITE
SITC^A,SITE
SITE,SiteOne
SITM,SiTime
SIVB,SVB
SIVBP,SVB
SIX,Six
SJ,Scienjoy
SJI,South
SJIJ,South
SJIV,South
SJM,J.M.
SJR,Shaw
SJT,San
SJW,SJW
SKIL,Skillsoft
SKIN,The
SKINW,The
SKLZ,Skillz
SKM,SK
SKT,Tanger
SKX,Skechers
SKY,Skyline
SKYA,Skydeck
SKYAU,Skydeck
SKYAW,Skydeck
SKYT,SkyWater
SKYW,SkyWest
SLAB,Silicon
SLAC,Social
SLAM,Slam
SLAMU,Slam
SLAMW,Slam
SLB,Schlumberger
SLCA,U.S.
SLCR,Silver
SLCRU,Silver
SLCRW,Silver
SLCT,Select
SLDB,Solid
SLF,Sun
SLG,SL
SLG^I,SL
SLGG,Super
SLGL,Sol-Gel
SLGN,Silgan
SLHG,Skylight
SLI,Standard
SLM,SLM
SLMBP,SLM
SLN,Silence
SLNG,Stabilis
SLNO,Soleno
SLP,Simulations
SLQT,SelectQuote
SLRC,SLR
SLRX,Salarius
SLS,SELLAS
SM,SM
SMAR,Smartsheet
SMBC,Southern
SMBK,SmartFinancial
SMCI,Super
SMED,Sharps
SMFG,Sumitomo
SMFR,Sema4
SMFRW,Sema4
SMG,Scotts
SMHI,SEACOR
SMID,Smith-Midland
SMIH,Summit
SMIHU,Summit
SMIHW,Summit
SMIT,Schmitt
SMLP,Summit
SMM,Salient
SMMF,Summit
SMMT,Summit
SMP,Standard
SMPL,The
SMSI,Smith
SMTC,Semtech
SMTI,Sanara
SMTS,Sierra
SMWB,Similarweb
SNA,Snap-On
SNAP,Snap
SNAX,Stryve
SNAXW,Stryve
SNBR,Sleep
SNCR,Synchronoss
SNCRL,Synchronoss
SNCY,Sun
SND,Smart
SNDL,Sundial
SNDR,Schneider
SNDX,Syndax
SNES,SenesTech
SNEX,StoneX
SNFCA,Security
SNGX,Soligenix
SNGXW,Soligenix
SNII,Supernova
SNMP,Evolve
SNN,Smith
SNOA,Sonoma
SNOW,Snowflake
SNP,China
SNPO,Snap
SNPR,Tortoise
SNPS,Synopsys
SNPX,Synaptogenix
SNR,New
SNRH,Senior
SNRHU,Senior
SNRHW,Senior
SNSE,Sensei
SNTG,Sentage
SNV,Synovus
SNV^D,Synovus
SNV^E,Synovus
SNX,Synnex
SNY,Sanofi
SO,Southern
SOAC,Sustainable
SOFI,SoFi
SOFIW,SoFi
SOGO,Sogou
SOHO,Sotherly
SOHOB,Sotherly
SOHON,Sotherly
SOHOO,Sotherly
SOHU,Sohu.com
SOI,Solaris
SOJB,Southern
SOJC,Southern
SOJD,Southern
SOJE,Southern
SOL,Renesola
SOLN,Southern
SOLO,Electrameccanica
SOLOW,Electrameccanica
SOLY,Soliton
SON,Sonoco
SONM,Sonim
SONN,Sonnet
SONO,Sonos
SONY,Sony
SOPH,SOPHiA
SOR,Source
SOS,SOS
SP,SP
SPAQ,Spartan
SPB,Spectrum
SPCB,SuperCom
SPCE,Virgin
SPE,Special
SPFI,South
SPFR,Jaws
SPG,Simon
SPG^J,Simon
SPGI,S&P
SPGS,Simon
SPH,Suburban
SPI,SPI
SPIR,Spire
SPK,SPK
SPKAR,SPK
SPKB,Silver
SPKBU,Silver
SPKBW,Silver
SPLK,Splunk
SPLP,Steel
SPLP^A,Steel
SPNE,SeaSpine
SPNS,Sapiens
SPNT,SiriusPoint
SPNT^B,SiriusPoint
SPNV,Supernova
SPOK,Spok
SPOT,Spotify
SPPI,Spectrum
SPR,Spirit
SPRB,Spruce
SPRO,Spero
SPRT,Support.com
SPSC,SPS
SPT,Sprout
SPTK,SportsTek
SPTKU,SportsTek
SPTKW,SportsTek
SPTN,SpartanNash
SPWH,Sportsman's
SPWR,SunPower
SPXC,SPX
SPXX,Nuveen
SQ,Square
SQBG,Sequential
SQFT,Presidio
SQFTP,Presidio
SQM,Sociedad
SQNS,Sequans
SQSP,Squarespace
SQZ,SQZ
SR,Spire
SR^A,Spire
SRAX,SRAX
SRC,Spirit
SRC^A,Spirit
SRCE,1st
SRCL,Stericycle
SRDX,Surmodics
SRE,DBA
SREA,DBA
SREV,ServiceSource
SRG,Seritage
SRG^A,Seritage
SRGA,Surgalign
SRI,Stoneridge
SRL,Scully
SRLP,Sprague
SRNE,Sorrento
SRNG,Soaring
SRNGU,Soaring
SRNGW,Soaring
SRPT,Sarepta
SRRA,Sierra
SRRK,Scholar
SRSA,Sarissa
SRSAU,Sarissa
SRSAW,Sarissa
SRT,StarTek
SRTS,Sensus
SRV,Cushing
SRZN,Surrozen
SRZNW,Surrozen
SSAA,Science
SSAAU,Science
SSAAW,Science
SSB,South
SSBI,Summit
SSBK,Southern
SSD,Simpson
SSKN,Strata
SSL,Sasol
SSNC,SS&C
SSNT,SilverSun
SSP,E.W.
SSRM,SSR
SSSS,SuRo
SSTI,ShotSpotter
SSTK,Shutterstock
SSY,SunLink
SSYS,Stratasys
ST,Sensata
STAA,STAAR
STAF,Staffing
STAG,Stag
STAR          ,iStar
STAR^D,iStar
STAR^G,iStar
STAR^I,iStar
STBA,S&T
STC,Stewart
STCN,Steel
STE,STERIS
STEM,Stem
STEP,StepStone
STFC,State
STG,Sunlands
STGW,Stagwell
STIM,Neuronetics
STK,Columbia
STKL,SunOpta
STKS,The
STL,Sterling
STL^A,Sterling
STLA,Stellantis
STLD,Steel
STM,STMicroelectronics
STMP,Stamps.com
STN,Stantec
STNE,StoneCo
STNG,Scorpio
STOK,Stoke
STON,StoneMor
STOR,STORE
STPC,Star
STRA,Strategic
STRE,Supernova
STRL,Sterling
STRM,Streamline
STRO,Sutro
STRR,Star
STRRP,Star
STRS,Stratus
STRT,STRATTEC
STSA,Satsuma
STT,State
STT^D,State
STT^G,State
STTK,Shattuck
STVN,Stevanato
STWD,STARWOOD
STWO,ACON
STWOU,ACON
STWOW,ACON
STX,Seagate
STXB,Spirit
STXS,Stereotaxis
STZ,Constellation
STZ/B,Constellation
SU,Suncor
SUI,Sun
SULR,SmartETFs
SUM,Summit
SUMO,Sumo
SUMR,Summer
SUN,Sunoco
SUNL,Sunlight
SUNS,SLR
SUNW,Sunworks
SUP,Superior
SUPN,Supernus
SUPV,Grupo
SURF,Surface
SUZ,Suzano
SV,Spring
SVAL,iShares
SVBI,Severn
SVC,Service
SVFA,SVF
SVFAU,SVF
SVFAW,SVF
SVFB,SVF
SVFC,SVF
SVFD,Save
SVM,Silvercorp
SVOK,Seven
SVOKU,Seven
SVOKW,Seven
SVRA,Savara
SVSVU,Spring
SVSVW,Spring
SVT,Servotronics
SVVC,Firsthand
SWAGU,Software
SWAV,ShockWave
SWBI,Smith
SWBK,Switchback
SWCH,Switch
SWET,Athlon
SWETU,Athlon
SWETW,Athlon
SWI,SolarWinds
SWIM,Latham
SWIR,Sierra
SWK,Stanley
SWKH,SWK
SWKS,Skyworks
SWM,Schweitzer-Mauduit
SWN,Southwestern
SWT,Stanley
SWTX,SpringWorks
SWX,Southwest
SWZ,Swiss
SXC,SunCoke
SXI,Standex
SXT,Sensient
SXTC,China
SY,So-Young
SYBT,Stock
SYBX,Synlogic
SYF,Synchrony
SYF^A,Synchrony
SYK,Stryker
SYKE,Sykes
SYN,Synthetic
SYNA,Synaptics
SYNH,Syneos
SYNL,Synalloy
SYPR,Sypris
SYRS,Syros
SYTA,Siyata
SYTAW,Siyata
SYY,Sysco
SZC,Cushing
T,AT&T
T^A,AT&T
T^C,AT&T
TA,TravelCenters
TAC,TransAlta
TACA,Trepont
TACO,Del
TACT,TransAct
TAEQ,Trend
TAIT,Taitron
TAK,Takeda
TAL,TAL
TALK,Talkspace
TALKW,Talkspace
TALO,Talos
TALS,Talaris
TANH,Tantech
TANNI,TravelCenters
TANNL,TravelCenters
TANNZ,TravelCenters
TAOP,Taoping
TAP,Molson
TARA,Protara
TARO,Taro
TARS,Tarsus
TASK,TaskUs
TAST,Carrols
TATT,TAT
TAYD,Taylor
TBB,AT&T
TBBK,The
TBC,AT&T
TBCP,Thunder
TBCPU,Thunder
TBCPW,Thunder
TBI,TrueBlue
TBIO,Translate
TBJL,Innovator
TBK,Triumph
TBKCP,Triumph
TBLA,Taboola.com
TBLAW,Taboola.com
TBLD,Thornburg
TBLT,ToughBuilt
TBLTW,ToughBuilt
TBNK,Territorial
TBPH,Theravance
TBSA,TB
TBSAU,TB
TBSAW,TB
TC,TuanChe
TCAC,Tuatara
TCACU,Tuatara
TCACW,Tuatara
TCBC,TC
TCBI,Texas
TCBIO,Texas
TCBK,TriCo
TCBS,Texas
TCDA,Tricida
TCFC,The
TCI,Transcontinental
TCMD,Tactile
TCOM,Trip.com
TCON,TRACON
TCPC,BlackRock
TCRR,TCR2
TCRX,TScan
TCS,Container
TCVA,TCV
TCX,Tucows
TD,Toronto
TDA,Telephone
TDAC,Trident
TDACU,Trident
TDACW,Trident
TDC,Teradata
TDF,Templeton
TDG,Transdigm
TDI,Telephone
TDOC,Teladoc
TDS,Telephone
TDS^U,Telephone
TDS^V,Telephone
TDUP,ThredUp
TDW,Tidewater
TDY,Teledyne
TEAF,Ecofin
TEAM,Atlassian
TECH,Bio-Techne
TECK,Teck
TECTP,Tectonic
TEDU,Tarena
TEF,Telefonica
TEGS,Trend
TEI,Templeton
TEKK,Tekkorp
TEKKU,Tekkorp
TEKKW,Tekkorp
TEL,TE
TELA,TELA
TELL,Tellurian
TEN,Tenneco
TENB,Tenable
TENX,Tenax
TEO,Telecom
TER,Teradyne
TERN,Terns
TESS,TESSCO
TETC,Tech
TETCU,Tech
TETCW,Tech
TEVA,Teva
TEX,Terex
TFC,Truist
TFC^I,Truist
TFC^O,Truist
TFC^R,Truist
TFFP,TFF
TFII,TFI
TFJL,Innovator
TFSA,Terra
TFSL,TFS
TFX,Teleflex
TG,Tredegar
TGA,TransGlobe
TGB,Taseko
TGH,Textainer
TGH^A,Textainer
TGI,Triumph
TGLS,Tecnoglass
TGNA,TEGNA
TGP,Teekay
TGP^A,Teekay
TGP^B,Teekay
TGS,Transportadora
TGT,Target
TGTX,TG
TH,Target
THC,Tenet
THCA,Tuscan
THCAU,Tuscan
THCAW,Tuscan
THCPU,Thunder
THFF,First
THG,Hanover
THM,International
THMA,Thimble
THMAU,Thimble
THMAW,Thimble
THMO,ThermoGenesis
THO,Thor
THQ,Tekla
THR,Thermon
THRM,Gentherm
THRY,Thryv
THS,Treehouse
THTX,Theratechnologies
THW,Tekla
THWWW,Target
THY,Toews
TIG,Trean
TIGO,Millicom
TIGR,UP
TIL,Instil
TILE,Interface
TIMB,TIM
TINV,Tiga
TIOA,Tio
TIOAW,Tio
TIPT,Tiptree
TIRX,TIAN
TISI,Team
TITN,Titan
TIXT,TELUS
TJX,TJX
TK,Teekay
TKAT,Takung
TKC,Turkcell
TKNO,Alpha
TKR,Timken
TLC,Taiwan
TLGA,TLG
TLGT,Teligent
TLIS,Talis
TLK,PT
TLMD,SOC
TLMDW,SOC
TLRY,Tilray
TLS,Telos
TLSA,Tiziana
TLYS,Tilly's
TM,Toyota
TMAC,The
TMAT,Main
TMBR,Timber
TMCI,Treace
TMDI,Titan
TMDX,TransMedics
TME,Tencent
TMHC,Taylor
TMKR,Tastemaker
TMKRU,Tastemaker
TMKRW,Tastemaker
TMO,Thermo
TMP,Tompkins
TMPM,Turmeric
TMPMU,Turmeric
TMPMW,Turmeric
TMQ,Trilogy
TMST,TimkenSteel
TMTS,Spartacus
TMTSU,Spartacus
TMTSW,Spartacus
TMUS,T-Mobile
TMX,Terminix
TNC,Tennant
TNDM,Tandem
TNET,TriNet
TNGX,Tango
TNK,Teekay
TNL,Travel
TNP,Tsakos
TNP^D,Tsakos
TNP^E,Tsakos
TNP^F,Tsakos
TNXP,Tonix
TNYA,Tenaya
TOL,Toll
TOMZ,TOMI
TOPS,TOP
TOUR,Tuniu
TOWN,TowneBank
TPB,Turning
TPBAU,TPB
TPC,Tutor
TPGS,TPG
TPGY,TPG
TPH,Tri
TPHS,Trinity
TPIC,TPI
TPL,Texas
TPR,Tapestry
TPST,Tempest
TPTA,Terra
TPTX,Turning
TPVG,TriplePoint
TPX,Tempur
TPZ,Tortoise
TR,Tootsie
TRC,Tejon
TRCA,Twin
TREB,Trebia
TREC,Trecora
TREE,LendingTree
TREX,Trex
TRGP,Targa
TRHC,Tabula
TRI,Thomson
TRIB,Trinity
TRIL,Trillium
TRIN,Trinity
TRIP,TripAdvisor
TRIT,Triterras
TRITW,Triterras
TRKA,Troika
TRKAW,Troika
TRMB,Trimble
TRMD,TORM
TRMK,Trustmark
TRMR,Tremor
TRMT,Tremont
TRN,Trinity
TRNO,Terreno
TRNS,Transcat
TRON,Corner
TRONU,Corner
TRONW,Corner
TROW,T.
TROX,Tronox
TRP,TC
TRQ,Turquoise
TRS,TriMas
TRST,TrustCo
TRT,Trio-Tech
TRTN,Triton
TRTN^A,Triton
TRTN^B,Triton
TRTN^C,Triton
TRTN^D,Triton
TRTX,TPG
TRTX^C,TPG
TRU,TransUnion
TRUE,TrueCar
TRUP,Trupanion
TRV,The
TRVG,trivago
TRVI,Trevi
TRVN,Trevena
TRX,Tanzanian
TS,Tenaris
TSBK,Timberland
TSC,TriState
TSCAP,TriState
TSCBP,TriState
TSCO,Tractor
TSE,Trinseo
TSEM,Tower
TSHA,Taysha
TSI,TCW
TSIB,Tishman
TSIBU,Tishman
TSIBW,Tishman
TSLA,Tesla
TSLX,Sixth
TSM,Taiwan
TSN,Tyson
TSOC,Innovator
TSP,TuSimple
TSPQ,TCW
TSQ,Townsquare
TSRI,TSR
TT,Trane
TTC,Toro
TTCF,Tattooed
TTD,The
TTE,TotalEnergies
TTEC,TTEC
TTEK,Tetra
TTGT,TechTarget
TTI,Tetra
TTM,Tata
TTMI,TTM
TTNP,Titan
TTOO,T2
TTP,Tortoise
TTSH,Tile
TTWO,Take-Two
TU,Telus
TUEM,Tuesday
TUFN,Tufin
TUGC,TradeUP
TUGCU,TradeUP
TUGCW,TradeUP
TUP,Tupperware
TURN,180
TUSK,Mammoth
TUYA,Tuya
TV,Grupo
TVAC,Thayer
TVACU,Thayer
TVACW,Thayer
TVC,Tennessee
TVE,Tennessee
TVTX,Travere
TVTY,Tivity
TW,Tradeweb
TWCBU,Bilander
TWCT,TWC
TWCTU,TWC
TWCTW,TWC
TWI,Titan
TWIN,Twin
TWLO,Twilio
TWLV,Twelve
TWLVU,Twelve
TWLVW,Twelve
TWN,Taiwan
TWND,Tailwind
TWNI,Tailwind
TWNK,Hostess
TWNKW,Hostess
TWNT,Tailwind
TWO,Two
TWO^A,Two
TWO^B,Two
TWO^C,Two
TWOA,two
TWOU,2U
TWST,Twist
TWTR,Twitter
TX,Ternium
TXG,10x
TXMD,TherapeuticsMD
TXN,Texas
TXRH,Texas
TXT,Textron
TY,Tri
TY^,Tri
TYG,Tortoise
TYHT,Shineco
TYL,Tyler
TYME,Tyme
TZOO,Travelzoo
TZPS,TZP
TZPSU,TZP
TZPSW,TZP
U,Unity
UA,Under
UAA,Under
UAL,United
UAMY,United
UAN,CVR
UAVS,AgEagle
UBA,Urstadt
UBCP,United
UBER,Uber
UBFO,United
UBOH,United
UBP,Urstadt
UBP^H,Urstadt
UBP^K,Urstadt
UBS,UBS
UBSI,United
UBX,Unity
UCBI,United
UCBIO,United
UCL,uCloudlink
UCTT,Ultra
UDR,UDR
UE,Urban
UEC,Uranium
UEIC,Universal
UEPS,Net
UFAB,Unique
UFCS,United
UFI,Unifi
UFPI,UFP
UFPT,UFP
UFS,Domtar
UG,United-Guardian
UGI,UGI
UGIC,UGI
UGP,Ultrapar
UGRO,urban-gro
UHAL,Amerco
UHS,Universal
UHT,Universal
UI,Ubiquiti
UIHC,United
UIS,Unisys
UK,Ucommune
UKOMW,Ucommune
UL,Unilever
ULBI,Ultralife
ULCC,Frontier
ULH,Universal
ULTA,Ulta
UMBF,UMB
UMC,United
UMH,UMH
UMH^C,UMH
UMH^D,UMH
UMPQ,Umpqua
UNAM,Unico
UNB,Union
UNCY,Unicycive
UNF,Unifirst
UNFI,United
UNH,UnitedHealth
UNIT,Uniti
UNM,Unum
UNMA,Unum
UNP,Union
UNTY,Unity
UNVR,Univar
UONE,Urban
UONEK,Urban
UP,Wheels
UPC,Universe
UPH,UpHealth
UPLD,Upland
UPS,United
UPST,Upstart
UPTDU,TradeUP
UPWK,Upwork
URBN,Urban
URG,Ur
URGN,UroGen
URI,United
UROY,Uranium
USA,Liberty
USAC,USA
USAK,USA
USAP,Universal
USAS,Americas
USAU,U.S.
USB,U.S.
USB^A,U.S.
USB^H,U.S.
USB^M,U.S.
USB^P,U.S.
USB^Q,U.S.
USB^R,U.S.
USCB,U.S.
USCR,U.S.
USDP,USD
USEG,U.S.
USFD,US
USIO,Usio
USLM,United
USM,United
USNA,USANA
USPH,U.S.
USWS,U.S.
USWSW,U.S.
USX,U.S.
UTF,Cohen
UTG,Reaves
UTHR,United
UTI,Universal
UTL,UNITIL
UTMD,Utah
UTME,UTime
UTSI,UTStarcom
UTZ,Utz
UUU,Universal
UUUU,Energy
UVE,UNIVERSAL
UVSP,Univest
UVV,Universal
UWMC,UWM
UXIN,Uxin
UZA,United
UZD,United
UZE,United
UZF,United
V,Visa
VABK,Virginia
VAC,Marriott
VACC,Vaccitech
VACQ,Vector
VACQU,Vector
VACQW,Vector
VAL,Valaris
VALE,VALE
VALN,Valneva
VALU,Value
VAPO,Vapotherm
VAQC,Vector
VBF,Invesco
VBFC,Village
VBIV,VBI
VBLT,Vascular
VBTX,Veritex
VC,Visteon
VCEL,Vericel
VCF,Delaware
VCIF,Vertical
VCKA,Vickers
VCKAU,Vickers
VCKAW,Vickers
VCNX,Vaccinex
VCRA,Vocera
VCTR,Victory
VCV,Invesco
VCXAU,10X
VCYT,Veracyte
VEC,Vectrus
VECO,Veeco
VECT,VectivBio
VEDL,Vedanta
VEEE,Twin
VEEV,Veeva
VEI,Vine
VEL,Velocity
VELO,Velocity
VELOW,Velocity
VENA,Venus
VENAR,Venus
VENAU,Venus
VENAW,Venus
VEON,VEON
VER,VEREIT
VERA,Vera
VERB,Verb
VERBW,Verb
VERI,Veritone
VERO,Venus
VERU,Veru
VERV,Verve
VERX,Vertex
VERY,Vericity
VET,Vermilion
VEV,Vicinity
VFC,V.F.
VFF,Village
VFL,Delaware
VG,Vonage
VGI,Virtus
VGII,Virgin
VGM,Invesco
VGR,Vector
VGZ,Vista
VHAQ,Viveon
VHC,VirnetX
VHI,Valhi
VIA,Via
VIAC,ViacomCBS
VIACA,ViacomCBS
VIACP,ViacomCBS
VIAO,VIA
VIASP,Via
VIAV,Viavi
VICI,VICI
VICR,Vicor
VIEW,View
VIEWW,View
VIH,VPC
VIHAU,VPC
VIHAW,VPC
VII,7GC
VIIAU,7GC
VIIAW,7GC
VINC,Vincerx
VINO,Gaucho
VINP,Vinci
VIOT,Viomi
VIPS,Vipshop
VIR,Vir
VIRC,Virco
VIRI,Virios
VIRS,Pacer
VIRT,Virtu
VIRX,Viracta
VISL,Vislink
VIST,Vista
VITL,Vital
VIV,Telefonica
VIVE,Viveve
VIVO,Meridian
VJET,voxeljet
VKI,Invesco
VKQ,Invesco
VKTX,Viking
VLAT,Valor
VLATU,Valor
VLATW,Valor
VLDR,Velodyne
VLDRW,Velodyne
VLGEA,Village
VLO,Valero
VLON,Vallon
VLRS,Controladora
VLT,Invesco
VLY,Valley
VLYPO,Valley
VLYPP,Valley
VMAC,Vistas
VMACU,Vistas
VMACW,Vistas
VMAR,Vision
VMC,Vulcan
VMD,Viemed
VMEO,Vimeo
VMI,Valmont
VMM,Delaware
VMO,Invesco
VMW,Vmware
VNCE,Vince
VNDA,Vanda
VNE,Veoneer
VNET,21Vianet
VNO,Vornado
VNO^K,Vornado
VNO^L,Vornado
VNO^M,Vornado
VNO^N,Vornado
VNOM,Viper
VNRX,VolitionRX
VNT,Vontier
VNTR,Venator
VOC,VOC
VOD,Vodafone
VOLT,Volt
VOR,Vor
VOSO,Virtuoso
VOSOU,Virtuoso
VOSOW,Virtuoso
VOTE,Engine
VOXX,VOXX
VOYA,Voya
VOYA^B,Voya
VPCB,VPC
VPCBU,VPC
VPCBW,VPC
VPCC,VPC
VPG,Vishay
VPV,Invesco
VQS,VIQ
VRA,Vera
VRAR,The
VRAY,ViewRay
VRCA,Verrica
VRDN,Viridian
VREX,Varex
VRM,Vroom
VRME,VerifyMe
VRMEW,VerifyMe
VRNA,Verona
VRNS,Varonis
VRNT,Verint
VRPX,Virpax
VRRM,Verra
VRS,Verso
VRSK,Verisk
VRSN,VeriSign
VRT,Vertiv
VRTS,Virtus
VRTV,Veritiv
VRTX,Vertex
VS,Versus
VSAT,ViaSat
VSCO,Victorias
VSEC,VSE
VSH,Vishay
VSSYW,Versus
VST,Vistra
VSTA,Vasta
VSTM,Verastem
VSTO,Vista
VTA,Invesco
VTAQ,Ventoux
VTAQR,Ventoux
VTAQU,Ventoux
VTAQW,Ventoux
VTEX,VTEX
VTGN,VistaGen
VTIQ,VectoIQ
VTIQU,VectoIQ
VTIQW,VectoIQ
VTN,Invesco
VTNR,Vertex
VTOL,Bristow
VTR,Ventas
VTRS,Viatris
VTRU,Vitru
VTSI,VirTra
VTVT,vTv
VUSB,Vanguard
VUZI,Vuzix
VVI,Viad
VVNT,Vivint
VVOS,Vivos
VVPR,VivoPower
VVR,Invesco
VVV,Valvoline
VWE,Vintage
VWTR,Vidler
VXRT,Vaxart
VYGG,Vy
VYGR,Voyager
VYNE,VYNE
VYNT,Vyant
VZ,Verizon
VZIO,VIZIO
W,Wayfair
WAB,Westinghouse
WABC,Westamerica
WAFD,Washington
WAFDP,Washington
WAFU,Wah
WAL,Western
WALA,Western
WALD,Waldencast
WALDU,Waldencast
WALDW,Waldencast
WARR,Warrior
WASH,Washington
WAT,Waters
WATT,Energous
WAVE,Eco
WB,Weibo
WBA,Walgreens
WBK,Westpac
WBS,Webster
WBS^F,Webster
WBT,Welbilt
WCC,WESCO
WCC^A,WESCO
WCN,Waste
WD,Walker
WDAY,Workday
WDC,Western
WDFC,WD-40
WDH,Waterdrop
WDI,Western
WDNA,WisdomTree
WEA,Western
WEBR,Weber
WEC,WEC
WEI,Weidai
WELL,Welltower
WEN,Wendy's
WERN,Werner
WES,Western
WETF,WisdomTree
WEX,WEX
WEYS,Weyco
WF,Woori
WFC,Wells
WFC^A,Wells
WFC^C,Wells
WFC^D,Wells
WFC^L,Wells
WFC^O,Wells
WFC^Q,Wells
WFC^R,Wells
WFC^X,Wells
WFC^Y,Wells
WFC^Z,Wells
WFCF,Where
WFG,West
WFRD,Weatherford
WGO,Winnebago
WH,Wyndham
WHD,Cactus
WHF,WhiteHorse
WHFBZ,WhiteHorse
WHG,Westwood
WHLM,Wilhelmina
WHLR,Wheeler
WHLRD,Wheeler
WHLRP,Wheeler
WHR,Whirlpool
WIA,Western
WILC,G.
WIMI,WiMi
WINA,Winmark
WING,Wingstop
WINT,Windtree
WIRE,Encore
WISA,Summit
WISH,ContextLogic
WIT,Wipro
WIW,Western
WIX,Wix.com
WK,Workiva
WKEY,WISeKey
WKHS,Workhorse
WKME,WalkMe
WKSP,Worksport
WKSPW,Worksport
WLDN,Willdan
WLFC,Willis
WLK,Westlake
WLKP,Westlake
WLL,Whiting
WLMS,Williams
WLTW,Willis
WM,Waste
WMB,Williams
WMC,Western
WMG,Warner
WMK,Weis
WMPN,William
WMS,Advanced
WMT,Walmart
WNC,Wabash
WNEB,Western
WNS,WNS
WNW,Wunong
WOOF,Petco
WOR,Worthington
WORX,SCWorx
WOW,WideOpenWest
WPC,W.
WPCA,Warburg
WPCB,Warburg
WPG,Washington
WPG^H,Washington
WPG^I,Washington
WPM,Wheaton
WPP,WPP
WPRT,Westport
WRAP,Wrap
WRB,W.R.
WRB^E,W.R.
WRB^F,W.R.
WRB^G,W.R.
WRB^H,W.R.
WRE,Washington
WRK,Westrock
WRLD,World
WRN,Western
WSBC,WesBanco
WSBCP,WesBanco
WSBF,Waterstone
WSC,WillScot
WSFS,WSFS
WSM,Williams-Sonoma
WSO,Watsco
WSO/B,Watsco
WSR,Whitestone
WST,West
WSTG,Wayside
WTBA,West
WTER,The
WTFC,Wintrust
WTFCM,Wintrust
WTFCP,Wintrust
WTI,W&T
WTM,White
WTRG,Essential
WTRH,Waitr
WTRU,Essential
WTS,Watts
WTT,Wireless
WTTR,Select
WU,Western
WUGI,Esoterica
WVE,Wave
WVFC,WVS
WVVI,Willamette
WVVIP,Willamette
WW,WW
WWD,Woodward
WWE,World
WWR,Westwater
WWW,Wolverine
WY,Weyerhaeuser
WYNN,Wynn
WYY,WidePoint
X,United
XAIR,Beyond
XBAP,Innovator
XBIO,Xenetic
XBIOW,Xenetic
XBIT,XBiotech
XBJL,Innovator
XCUR,Exicure
XDAP,Innovator
XDAT,Franklin
XDQQ,Innovator
XDSQ,Innovator
XEC,Cimarex
XEL,Xcel
XELA,Exela
XELB,Xcel
XENE,Xenon
XENT,Intersect
XERS,Xeris
XFLT,XAI
XFLT^A,XAI
XFOR,X4
XGN,Exagen
XHR,Xenia
XIN,Xinyuan
XJH,iShares
XJR,iShares
XJUN,FT
XL,XL
XLNX,Xilinx
XLRN,Acceleron
XM,Qualtrics
XMTR,Xometry
XNCR,Xencor
XNET,Xunlei
XOG,Extraction
XOM,Exxon
XOMA,XOMA
XOMAO,XOMA
XOMAP,XOMA
XONE,The
XOS,Xos
XOSWW,Xos
XP,XP
XPAXU,XPAC
XPDI,Power
XPDIU,Power
XPDIW,Power
XPEL,XPEL
XPER,Xperi
XPEV,XPeng
XPL,Solitario
XPO,XPO
XPOA,DPCM
XPOF,Xponential
XRAY,DENTSPLY
XRX,Xerox
XSPA,XpresSpa
XTAP,Innovator
XTJL,Innovator
XTLB,XTL
XTNT,Xtant
XVV,iShares
XXII,22nd
XYF,X
XYL,Xylem
Y,Alleghany
YAC,Yucaipa
YALA,Yalla
YCBD,cbdMD
YCBD^A,cbdMD
YDEC,FT
YELL,Yellow
YELP,Yelp
YETI,YETI
YEXT,Yext
YGMZ,MingZhu
YI,111
YJ,Yunji
YJUN,First
YMAB,Y-mAbs
YMAR,FT
YMM,Full
YMTX,Yumanity
YNDX,Yandex
YORW,York
YOU,Clear
YPF,YPF
YPS,Arrow
YQ,17
YRD,Yiren
YSAC,Yellowstone
YSACU,Yellowstone
YSACW,Yellowstone
YSG,Yatsen
YTEN,Yield10
YTPG,TPG
YTRA,Yatra
YUM,Yum!
YUMC,Yum
YVR,Liquid
YY,JOYY
Z,Zillow
ZBH,Zimmer
ZBRA,Zebra
ZCMD,Zhongchao
ZDGE,Zedge
ZEAL,Zealand
ZEN,Zendesk
ZENV,Zenvia
ZEPP,Zepp
ZEST,Ecoark
ZETA,Zeta
ZEUS,Olympic
ZEV,Lightning
ZG,Zillow
ZGNX,Zogenix
ZGYH,Yunhong
ZGYHR,Yunhong
ZGYHU,Yunhong
ZGYHW,Yunhong
ZH,Zhihu
ZI,ZoomInfo
ZIM,ZIM
ZION,Zions
ZIONL,Zions
ZIONO,Zions
ZIONP,Zions
ZIOP,ZIOPHARM
ZIP,ZipRecruiter
ZIVO,Zivo
ZIVOW,Zivo
ZIXI,Zix
ZKIN,ZK
ZLAB,Zai
ZM,Zoom
ZME,Zhangmen
ZNGA,Zynga
ZNH,China
ZNTE,Zanite
ZNTEU,Zanite
ZNTEW,Zanite
ZNTL,Zentalis
ZOM,Zomedica
ZS,Zscaler
ZSAN,Zosano
ZT,Zimmer
ZTAQU,Zimmer
ZTO,ZTO
ZTR,Virtus
ZTS,Zoetis
ZUMZ,Zumiez
ZUO,Zuora
ZVIA,Zevia
ZVO,Zovio
ZWRK,Z-Work
ZWRKU,Z-Work
ZWRKW,Z-Work
ZY,Zymergen
ZYME,Zymeworks
ZYNE,Zynerba
ZYXI,Zynex